Group/Word/CIF,Requirement,Group Notes,Field Bit,Designation,Bits Used,Range,Function,Field Size (words),Notes,CIF/Bit
.payloadFormats,,Supported data formats are exactly 16-bit and 8-bit I/Q signed integers; 1-bit real unsigned and floating-point formats are not supported by the Base Set.,63:0,.bandwidth,,,"CIF0/29 3 dB Bandwidth in Hz.  The Bandwidth field shall use the 64-bit, two’s-complement format.  This field has an integer and a fractional part with the radix point to the right of bit 20 in the second 32-bit word.",2,,0/29
.payloadFormats,,Supported data formats are exactly 16-bit and 8-bit I/Q signed integers; 1-bit real unsigned and floating-point formats are not supported by the Base Set.,63:0,.ifRefFreq,,,"CIF0/28 IF reference frequency in Hz.  The IF reference frequency field shall use the 64-bit, two’s-complement format.  This field has an integer and a fractional part with the radix point to the right of bit 20 in the second 32-bit word.  For real data samples it is in the range 0  to Fs/2, for complex data samples it is in the range -Fs/2 to +Fs/2.",2,,
.payloadFormats,,Supported data formats are exactly 16-bit and 8-bit I/Q signed integers; 1-bit real unsigned and floating-point formats are not supported by the Base Set.,63:0,.rfRefFreq,,,"CIF0/27 RF reference frequency in Hz.  The RF reference frequency field shall use the 64-bit, two’s-complement format.  This field has an integer and a fractional part with the radix point to the right of bit 20 in the second 32-bit word.",2,,0/27
.payloadFormats,,Supported data formats are exactly 16-bit and 8-bit I/Q signed integers; 1-bit real unsigned and floating-point formats are not supported by the Base Set.,63:0,.rfRefFreqOffset,,,"CIF0/26 RF Frequency of Interest offset from RF Reference Frequency in Hz. The RF Reference Frequency Offset field shall use the 64-bit, two’s-complement format.  This field has an integer and a fractional part with the radix point to the right of bit 20 in the second 32-bit word.",2,,
.payloadFormats,,Supported data formats are exactly 16-bit and 8-bit I/Q signed integers; 1-bit real unsigned and floating-point formats are not supported by the Base Set.,31:0,.refLevel,,,"CIF0/24  The upper 16 bits of this field are reserved and shall be set to zero. The Reference Level value shall be expressed in two’s-complement format in the lower 16 bits of this field. This field has an integer and a fractional part, with the radix point to the right of bit 7.",1,,
.payloadFormats,,Supported data formats are exactly 16-bit and 8-bit I/Q signed integers; 1-bit real unsigned and floating-point formats are not supported by the Base Set.,63:0,.ifBandOffset,,,"CIF0/25 Offset of IF band center from ifRefFreq in Hz. The RF reference frequency field shall use the 64-bit, two’s-complement format.  This field has an integer and a fractional part with the radix point to the right of bit 20 in the second 32-bit word. Value may be postivie or negative.",2,,
.payloadFormats,,Supported data formats are exactly 16-bit and 8-bit I/Q signed integers; 1-bit real unsigned and floating-point formats are not supported by the Base Set.,31:16,.reservedBits31to16,,,CIF0/24,,,
.payloadFormats,,Supported data formats are exactly 16-bit and 8-bit I/Q signed integers; 1-bit real unsigned and floating-point formats are not supported by the Base Set.,15:0,.refLevelStage1,,,"CIF0/24 Reference Level, units dBm. Reference Level value shall be expressed in two’s-complement format in the lower 16 bits of the Reference Level field. This subfield has an integer and a fractional part, with the radix point to the right of bit 7 of the subfield. Referemce Level relates digital signal amplitude to analog signal power. An analog Reference Point and location for the digital Described Signal must be defined in system documentation. The Reference Level is the AC power of a single analog sine wave at the reference point that produces a unit-scale digital sine wave as the Described Signal. Note that a unit scale sine wave for N-bit two's complement data is defined as one with amplitude ranging from -2^(N-1) to +2^(N-1), which exceeds the available range of an N-bit two's complement number at its peak value.",1,,
.payloadFormats,,Supported data formats are exactly 16-bit and 8-bit I/Q signed integers; 1-bit real unsigned and floating-point formats are not supported by the Base Set.,31:16,.gainStage2,,,CIF0/23 This field is unused in our implementation,1,,
.payloadFormats,,Supported data formats are exactly 16-bit and 8-bit I/Q signed integers; 1-bit real unsigned and floating-point formats are not supported by the Base Set.,15:0,.gainStage1,,,"CIF0/23 The Stage 1 Gain subfield shall be expressed in units of decibels (dB). The Stage 1 Gain value shall be expressed in two’s-complement format in the lower 16 bits of the Gain field. This subfield has an integer and a fractional part, with the radix point to the right of bit 7 of the subfield. Gain is defined as the ratio of Described Signal power (output) to signal power at the Reference Point (input), in dB. The Reference Point and Described Signal location must be defined in system documentation. Typical values are the antenna feed and ADC/DAC analog input/output. Gain may apply to pairs of analog signals, or pairs of digital signals, but not to mixed-format signal pairs. If digital signals have different digital resolution at the Refence Point and Described Signal, signal power at each location is normalized by the power of a full-scale sinusoid before calculating Gain.",1,,
.payloadFormats,,Supported data formats are exactly 16-bit and 8-bit I/Q signed integers; 1-bit real unsigned and floating-point formats are not supported by the Base Set.,31:16,.gain,,,"Bits 31:16 (Sometimes called Stage 2 gain, or back-end gain) is not used in the Base Set and shall be set to all zeros. When used in an extension set it is measured in dB. This subfield has an integer and a fractional part, with the radix point to the right of bit 7 of the subfield. It's value ranges from -256 to +255 in 1/128 dB steps.",1,,0/23
.payloadFormats,,Supported data formats are exactly 16-bit and 8-bit I/Q signed integers; 1-bit real unsigned and floating-point formats are not supported by the Base Set.,15:0,.gainStage1_BaseSet,,,"Bits 15:0 (Sometimes called Stage 1 gain, or front-end gain, or total gain) is present in  base Set Schedule Requests and Context Packets. It is measured in dB.  This subfield has an integer and a fractional part, with the radix point to the right of bit 7 of the subfield. It's value ranges from -256 to +255 in 1/128 dB steps. This sub-field is used in Schedule Requests and Context Packets for Rx data.When not used, e.g. Tx data or Rx data for systems that do not use gain to control signal amplitude into the ADC, it shall be set to all zeros.",,,
.payloadFormats,,Supported data formats are exactly 16-bit and 8-bit I/Q signed integers; 1-bit real unsigned and floating-point formats are not supported by the Base Set.,63:0,.sampleRate,,,"CIF0/21 The value of the Sample Rate field shall be expressed in units of Hertz. The Sample Rate field shall use the 64-bit, two’s-complement format shown in Figure 9.5.12-1. This field has an integer and a fractional part, with the radix point to the right of bit 20 in the second 32-bit word.",2,,0/21
.payloadFormats,,Supported data formats are exactly 16-bit and 8-bit I/Q signed integers; 1-bit real unsigned and floating-point formats are not supported by the Base Set.,31:20,.seiEnables,,,"CIF0/16 State and Event Indicator Field.  We will use the user-defined bits as follows: 7:2 => 000000; bit 1: 0 => this slot is not the first slot in the slot set, 1 => this slot is the first slot in the slot set; bit 0:  0 => this is not the last slot in the slot set, 1 => this is the last slot in the slot set.  Note, if there is only one slot in the slot set, then both bits will be set to 1.  The middle slots in the slot set will be indicated by 00",1,,
.payloadFormats,,Supported data formats are exactly 16-bit and 8-bit I/Q signed integers; 1-bit real unsigned and floating-point formats are not supported by the Base Set.,19:8,.seiIndicators,,,,1,,
.payloadFormats,,Supported data formats are exactly 16-bit and 8-bit I/Q signed integers; 1-bit real unsigned and floating-point formats are not supported by the Base Set.,7:0,.seiUserDefined,,,,1,,
.payloadFormats,,Supported data formats are exactly 16-bit and 8-bit I/Q signed integers; 1-bit real unsigned and floating-point formats are not supported by the Base Set.,31:0,.sei,,,"State and Event Indicator. Eight predefined indicator bits with corresponding enable bits, plus 8 user-defined bits. Bits 28 and 16 indicate whether AGC is in use. See [2] Table 9.10.8-1. Not currently in use.",1,,0/16
.payloadFormats,,Supported data formats are exactly 16-bit and 8-bit I/Q signed integers; 1-bit real unsigned and floating-point formats are not supported by the Base Set.,63:0,.dataFormat,,,CIF0/15 Specifies the packing and content of the samples of the paired Data Packet Stream.  See below for more details for subfields of this field.,2,,0/15
.payloadFormats,,Supported data formats are exactly 16-bit and 8-bit I/Q signed integers; 1-bit real unsigned and floating-point formats are not supported by the Base Set.,31:16,.polarizationTilt,,,"CIF 1/30,  16-bit 2's complement number with radix to the right of bit 29,  in radians. Antenna polarization  tilt angle, θ, on the Poincaré sphere. For θ=0 the polariztion ellipse major axis is horizontal, for θ=π/2 the polarization ellipse major axis is vertical. Note that the direction in which θ is measured, defined in [2,4], is not consistent with IEEE standards [3].",1,,1/30
.payloadFormats,,Supported data formats are exactly 16-bit and 8-bit I/Q signed integers; 1-bit real unsigned and floating-point formats are not supported by the Base Set.,15:0,.polarizationEccentricity,,,"CIF 1/30 16-bit 2's complement number with radix to the right of bit 13, in radians. Antenna polarization eccentricity angle, χ, on the Poincaré sphere.  When χ=0 the signal is right-hand circularly polarized, χ=π/4 indicates linear polarization, and χ=π/2 indicates left-hand curcular polarization, as defined in [2,4]. Note that ellipticity in [2,4] is defined  from the point of view of an observer at the receiver looking toward the transmitter, which makes the definitions of left- and right- handedness the reverse of IEEE standards [3].",1,,
.payloadFormats,,Supported data formats are exactly 16-bit and 8-bit I/Q signed integers; 1-bit real unsigned and floating-point formats are not supported by the Base Set.,31:16,.pointing3dElevation,,,"CIF1/29 Bits 31-16 - 16-bit 2's complement number with radix to the right of bit 23. It ranges from -90 to +90 degrees with minimum step size 1/128 degree. Define antenna boresight as the z-axis, the x axis is orthogonal to z and ""horizontal"" in the frame of reference defined by the antenna. The y axis points ""up"" in the antenna frame and is 90° clockwise from the x axis when looking out along boresight. Elevation is measured up (positive y direction) from the x-z plain to the pointing vector.",1,,1/29
.payloadFormats,,Supported data formats are exactly 16-bit and 8-bit I/Q signed integers; 1-bit real unsigned and floating-point formats are not supported by the Base Set.,15:0,.pointing3dAzimuth,,,"CIF1/29 bits 15:0 -  16-bit unsigned fixed-point number with radix to the right of bit 7, degrees. It ranges from 0 to 511.9921875 degrees with minimum step size 1/128 degree. Define antenna boresight as the z-axis, the x axis is orthogonal to z and ""horizontal"" in the frame of reference defined by the antenna. The y axis points ""up"" in the antenna frame and is 90° clockwise from the x axis when looking out along boresight.  Azimuth is measured in the x-z plain, between the projection of the pointing vector onto the x-z plain and boresight.  Positive azimuth angles are measured clockwise from boresight when looking down (from positive y toward the x-z plain).",1,,
.payloadFormats,,Supported data formats are exactly 16-bit and 8-bit I/Q signed integers; 1-bit real unsigned and floating-point formats are not supported by the Base Set.,31:16,.spatialRefType,,,User Defined Spatial Identifier - not used,1,,1/26
.payloadFormats,,Supported data formats are exactly 16-bit and 8-bit I/Q signed integers; 1-bit real unsigned and floating-point formats are not supported by the Base Set.,15:4,.reserved15to4,,,Reserved,,,
.payloadFormats,,Supported data formats are exactly 16-bit and 8-bit I/Q signed integers; 1-bit real unsigned and floating-point formats are not supported by the Base Set.,3:2,.frameOfRef,,,"Frame of Reference: 00 => NED, El above North-East plane, Az clockwise from true North when looking down, 01 => ECEF in VITA spec, not allowed by VITA 49.2, 10 => Platform Centered, elevation above Longitudinal-Transverse plane, azimuth clockwise from longitudeinal vector when looking down, 11 => Array Centered, elevation up from horizontal plane, azimuth in horizontal plain, clockwise from biresight when looking down. Not used in Base Set.",,,
.payloadFormats,,Supported data formats are exactly 16-bit and 8-bit I/Q signed integers; 1-bit real unsigned and floating-point formats are not supported by the Base Set.,1:0,.beamType,,,Beam Type - not used,,,
.payloadFormats,,Supported data formats are exactly 16-bit and 8-bit I/Q signed integers; 1-bit real unsigned and floating-point formats are not supported by the Base Set.,31:16,.beamWidthElevation,,,"CIF1/25 16-bit 2's complement with radix to the right of bit 23, horizontal beam width in degrees.The frame of Reference is aligned with the beam pointing frame of reference, i.e. horizontal beamwidth is measured parallel to the plane in which beam-pointing azimuth is measured and orthogonal to the beam pointing direction.",1,,1/25
.payloadFormats,,Supported data formats are exactly 16-bit and 8-bit I/Q signed integers; 1-bit real unsigned and floating-point formats are not supported by the Base Set.,15:0,.beamWidthAzimuth,,,"CIF1/25 16-bit 2's complement with radix to the right of bit 7, vertical beam width in degrees. With vertical   beamwidth measured orthogonal to horizontal beamwidth and orthogonal to the beam pointing direction.",1,,
.payloadFormats,,Supported data formats are exactly 16-bit and 8-bit I/Q signed integers; 1-bit real unsigned and floating-point formats are not supported by the Base Set.,31:0,.citedSid,,,CIF2/26 32-bit number with the stream ID of the associated data packet.,1,,2/26
.payloadFormats,,Supported data formats are exactly 16-bit and 8-bit I/Q signed integers; 1-bit real unsigned and floating-point formats are not supported by the Base Set.,31:16,.modeIdCurrent,,,CIF2/8 Reserved part of the Generic16 bit field.,1,,2/8
.payloadFormats,,Supported data formats are exactly 16-bit and 8-bit I/Q signed integers; 1-bit real unsigned and floating-point formats are not supported by the Base Set.,15:0,.modeIdNext,,,CIF2/8 Mode ID: Used by Multi-Function Capability to indicate possible modes to the MFA.,,,
.payloadFormats,,Supported data formats are exactly 16-bit and 8-bit I/Q signed integers; 1-bit real unsigned and floating-point formats are not supported by the Base Set.,31:0,.eventId,,,CIF2/7 The field is used by the Multi-Function Capability  as in the VITA 49.2 specification and is a generic16 bit field.,1,,
.payloadFormats,,Supported data formats are exactly 16-bit and 8-bit I/Q signed integers; 1-bit real unsigned and floating-point formats are not supported by the Base Set.,31:0,.funcPriorityId,,,CIF2/6 The Function Priority ID field shall convey the priority of an operation within a Command Packet via a Generic16 bit Identifier field. The field is interpreted as an unsigned integer with higher values indicating higher priority.,1,,2/6
.payloadFormats,,Supported data formats are exactly 16-bit and 8-bit I/Q signed integers; 1-bit real unsigned and floating-point formats are not supported by the Base Set.,63:0,.dwell,,,CIF3/21 Dwell shall use the Fractional Time format of Rule 9.7-1 (not the same as a fractional timestamp) It shall be a 64-bit two’s complement integer occupying two consecutive 32-bit words in the packet as shown in Figure 9.7-3. The most significant 32 bits shall be in the first of these two words. The LSB of the Dwell Fractional Time field shall be 1 femtosecond. Dwell value may range from 0 to ~9223 s (~154 minutes).,2,,3/21
.payloadFormats,,Supported data formats are exactly 16-bit and 8-bit I/Q signed integers; 1-bit real unsigned and floating-point formats are not supported by the Base Set.,63:0,.jitter,,,"CIF 3/20 Maximum magnitude of time error for time fields (other than timestamp) in Control Packet, expressed in Fractional Time Format (64-bit two's complement integer expressing time interval in femtoseconds)",2,,
.payloadFormats,,Supported data formats are exactly 16-bit and 8-bit I/Q signed integers; 1-bit real unsigned and floating-point formats are not supported by the Base Set.,255:0,.shortTermKey,,8,8  32 bit integers with transec key.,8,,
.payloadFormats,,Supported data formats are exactly 16-bit and 8-bit I/Q signed integers; 1-bit real unsigned and floating-point formats are not supported by the Base Set.,31:16,.rfFigureOfMeritLowerBound,,,"rfFigureOfMerit_LowerBound, subfield 31:16, two’s-complement format in the upper 16 bits of the field. This subfield has an integer and a fractional part with the radix point to the right of bit 23 of the subfield. It's value ranges from -256 to +255 in 1/128 dB or dB/K steps as appropriate. In Schedule Request shall indicate the minimum acceptable EIRP on transmit in dBm, or G/T on receive in dB/K.   If the MFA cannot support service with EIRP or G/T at or above the Lower Bound, a schedule request shall be rejected. In Context or AckR this sub-field is not used and shall be set to 0.",1,,4/29
.payloadFormats,,Supported data formats are exactly 16-bit and 8-bit I/Q signed integers; 1-bit real unsigned and floating-point formats are not supported by the Base Set.,15:0,.rfFigureOfMeritRequested,,,"rfFigureOfMerit_Requested subfield 15:0,  two’s-complement format in the lower 16 bits of the field. This subfield has an integer and a fractional part, with the radix point to the right of bit 7 of the subfield. It's value ranges from -256 to +255 in 1/128 dB or dB/K steps as appropriate. In Schedule Request shall indicate requested EIRP on transmit in dBm, or G/T on receive in dB/K. The MFA shall support the requested Tx service with EIRP as close as possible to the requested value without exceeding it. The MFA shall support the requested Rx service with G/T as close below the requested value as possible, and may support service with G/T above the requested value. In Context or AckR (if used) shall indicate value used (Context) or to be used (AckR).",1,,
.payloadFormats,,Supported data formats are exactly 16-bit and 8-bit I/Q signed integers; 1-bit real unsigned and floating-point formats are not supported by the Base Set.,63:0,.earlyStartTime,,,CIF 4/28 this field shall use the Fractional Time format of Rule 9.7-1 (not the same as a fractional timestamp) It shall be a 64-bit two’s complement integer occupying two consecutive 32-bit words in the packet as shown in Figure 9.7-3. The most significant 32 bits shall be in the first of these two words. The LSB of the Early Start Time Fractional Time field shall be 1 femtosecond.,2,,4/28
.payloadFormats,,Supported data formats are exactly 16-bit and 8-bit I/Q signed integers; 1-bit real unsigned and floating-point formats are not supported by the Base Set.,63:0,.lateStartTime,,,CIF 4/27 this field shall use the Fractional Time format of Rule 9.7-1 (not the same as a fractional timestamp) It shall be a 64-bit two’s complement integer occupying two consecutive 32-bit words in the packet as shown in Figure 9.7-3. The most significant 32 bits shall be in the first of these two words. The LSB of the Late Start Time Fractional Time field shall be 1 femtosecond.,2,,4/27
.payloadFormats,,Supported data formats are exactly 16-bit and 8-bit I/Q signed integers; 1-bit real unsigned and floating-point formats are not supported by the Base Set.,31:0,.rejectReason,,,32 bit unsigned integer enumeration of reason that control was rejected. See Reject Reason Enumeration Tab.,1,,4/26
.payloadFormats,,Supported data formats are exactly 16-bit and 8-bit I/Q signed integers; 1-bit real unsigned and floating-point formats are not supported by the Base Set.,63:0,.maxDataPacketDwell,,,CIF 4/25 MaxDataPacketDwell shall use the Fractional Time format of Rule 9.7-1 (not the same as a fractional timestamp) It shall be a 64-bit two’s complement integer occupying two consecutive 32-bit words in the packet as shown in Figure 9.7-3. The most significant 32 bits shall be in the first of these two words. The lsb of each word shall be on the right. The LSB of the Dwell Fractional Time field shall be 1 femtosecond.,2,,4/25
.payloadFormats,,Supported data formats are exactly 16-bit and 8-bit I/Q signed integers; 1-bit real unsigned and floating-point formats are not supported by the Base Set.,31:0,.addressGroupIndex,,,"CIF 4/24 32-bit unsigned integer, Provides a look-up index that points to a collection of MFP or MFA address for data, control, and Ack packets associated with this Schedule Request. That is one or more data packet stream(s) with SID matching the Control SID, or  SID's identified by the SID or index in the field (2/30) .citedSID. Plus Control, AckR and AckX packet streams with SID matching the Control SID.  The corresponding MFA addresses are in the same field (CIF 4, Bit 24) of the corresponding AckR packet. of one or more associated data streams.",1,,4/24
.payloadFormats,,Supported data formats are exactly 16-bit and 8-bit I/Q signed integers; 1-bit real unsigned and floating-point formats are not supported by the Base Set.,32*(3+N)-1 or 32*(3+2N)-1 depending    on structure implementation,.dataAddressStructure,,,Array of records with structure:,-1,"Word 1 is the total size of the array in 32-bit words, equal to 3+2N when SIDs are provided or 3+N when SIDs are not provided, where N is the number of data streams. Word 2 contains Header Size (8 bits) = 0, NumWords/Record (12 bits) = 1 or 2, and NumRecords (12 bits) = N. Word 3 indicates whether SIDs are provided or obtained using the index in .citedSID; bit 31 may be 0 or 1, bit 30 = 1 indicates mandatory MFP address indices are present, and bits 29:0 = 0. If word 3 bit 31 = 0, the remainder is N words containing 32-bit unsigned integers. If word 3 bit 31 = 1, the remainder is 2N words containing 32-bit unsigned integers.",
.payloadFormats,,Supported data formats are exactly 16-bit and 8-bit I/Q signed integers; 1-bit real unsigned and floating-point formats are not supported by the Base Set.,63:0,.dataAddressTime,,,fractional time format (64-bit 2's complement number).,2,,4/22
.payloadFormats,,Supported data formats are exactly 16-bit and 8-bit I/Q signed integers; 1-bit real unsigned and floating-point formats are not supported by the Base Set.,31:16,.reservedBits31to16_4_21,,,,,,4/21
.payloadFormats,,Supported data formats are exactly 16-bit and 8-bit I/Q signed integers; 1-bit real unsigned and floating-point formats are not supported by the Base Set.,15:0,.txDigitalInputPower,,,"CIF 4/21 subfield 15:0 shall indicate nominal power level of digital TX signal input to the MFA for transmission, in units of dBfs, where ""full scale power"" shall be defined as the power of a complex digital sinusoid with amplitude equal to full scale. This parameter shall be expressed in two’s-complement format in the lower 16 bits of the field. This subfield has an integer and a fractional part, with the radix point to the right of bit 7 of the subfield. It's value ranges from -256 to +255 in 1/128 dBfs.",1,,4/21
.payloadFormats,,Supported data formats are exactly 16-bit and 8-bit I/Q signed integers; 1-bit real unsigned and floating-point formats are not supported by the Base Set.,31,.dataFormat.packBit,1,,"0 => Processing Efficient Packing, 1 => Link efficient packing",1,,1
.payloadFormats,,Supported data formats are exactly 16-bit and 8-bit I/Q signed integers; 1-bit real unsigned and floating-point formats are not supported by the Base Set.,30:29,.dataFormat.realOrComplex,01,,"00 => Real, 01 => Complex Cartesian, 10 => Complex Polar, 11 => Reserved",1,,
.payloadFormats,,Supported data formats are exactly 16-bit and 8-bit I/Q signed integers; 1-bit real unsigned and floating-point formats are not supported by the Base Set.,28:24,.dataFormat.dataItemFormat,00000,,00000 => Data are signed fixed-point integers using the two's complement format.,1,,
.payloadFormats,,Supported data formats are exactly 16-bit and 8-bit I/Q signed integers; 1-bit real unsigned and floating-point formats are not supported by the Base Set.,23,.dataFormat.repeat,0,,"0 => Sample Component repeating is not in use, 1 => Sample Component repeating is in use.",1,,
.payloadFormats,,Supported data formats are exactly 16-bit and 8-bit I/Q signed integers; 1-bit real unsigned and floating-point formats are not supported by the Base Set.,22:20,.dataFormat.eventTagSize,000,,Shall contain an unsigned number equal to the Event-Tag size used in the paired Data Packet Stream.,1,,
.payloadFormats,,Supported data formats are exactly 16-bit and 8-bit I/Q signed integers; 1-bit real unsigned and floating-point formats are not supported by the Base Set.,19:16,.dataFormat.channelTagSize,0000,,Shall contain an unsigned number equal to the Channel-Tag size used in the paired Data Packet Stream.,1,,
.payloadFormats,,Supported data formats are exactly 16-bit and 8-bit I/Q signed integers; 1-bit real unsigned and floating-point formats are not supported by the Base Set.,15:12,.dataFormat.dataItemFracSize,0000,,"Shall apply specifically to the VRT Signed/Unsigned Fixed-Point Non-Normalized numeric formats. 0000 => for all other numeric formats, maintaining compatibility with V49.0. Shall express the number of bits in the fraction of a non-normalized number of the format “integer.fraction” where the total size of the number is given by the “Data Item Size” field.  The “Data Item Fraction Size” field shall not be greater than the Data Item Size – 1.",1,,
.payloadFormats,,Supported data formats are exactly 16-bit and 8-bit I/Q signed integers; 1-bit real unsigned and floating-point formats are not supported by the Base Set.,11:6,.dataFormat.itemPackingFieldSize,001111,,Shall contain an unsigned number that is one less than the actual Item Packing Field size used in the paired Data Packet Stream.,1,,
.payloadFormats,,Supported data formats are exactly 16-bit and 8-bit I/Q signed integers; 1-bit real unsigned and floating-point formats are not supported by the Base Set.,5:0,.dataFormat.dataItemSize,001111,,Shall contain an unsigned number that is one less than the actual Data Item size in the paired Data Packet Stream.,1,,
.payloadFormats,,Supported data formats are exactly 16-bit and 8-bit I/Q signed integers; 1-bit real unsigned and floating-point formats are not supported by the Base Set.,31:16,.dataFormat.repeatCount,0x0000,,Not used,1,,2
.payloadFormats,,Supported data formats are exactly 16-bit and 8-bit I/Q signed integers; 1-bit real unsigned and floating-point formats are not supported by the Base Set.,15:0,.dataFormat.vectorSize,0x0000,,Not used,1,,
