Bit,Bits Used,Default,Range,Designation,Function,Reference
31,B,0,,.dataFormat.packBit,Processing Efficient Packing for the AMS 16-bit signed I/Q format.,
30:29,B,01,,.dataFormat.realOrComplex,Complex Cartesian I/Q samples.,
28:24,B,00000,,.dataFormat.dataItemFormat,Signed fixed-point data items.,
23,B,0,,.dataFormat.repeat,Sample component repeating is not used.,
22:20,B,000,,.dataFormat.eventTagSize,Event tags are not used.,
19:16,B,0000,,.dataFormat.channelTagSize,Channel tags are not used.,
15:12,B,0000,,.dataFormat.dataItemFracSize,Fraction-size subfield is zero for the AMS signed fixed-point formats.,
11:6,B,001111,,.dataFormat.itemPackingFieldSize,Item packing field size is 16 bits.,
5:0,B,001111,,.dataFormat.dataItemSize,Data item size is 16 bits.,
31:16,B,0x0000,,.dataFormat.repeatCount,Repeat count is not used.,
15:0,B,0x0000,,.dataFormat.vectorSize,Vector size is not used.,
31,B,1,,.dataFormat.packBit,Link Efficient Packing for the AMS 8-bit signed I/Q format.,
30:29,B,01,,.dataFormat.realOrComplex,Complex Cartesian I/Q samples.,
28:24,B,00000,,.dataFormat.dataItemFormat,Signed fixed-point data items.,
23,B,0,,.dataFormat.repeat,Sample component repeating is not used.,
22:20,B,000,,.dataFormat.eventTagSize,Event tags are not used.,
19:16,B,0000,,.dataFormat.channelTagSize,Channel tags are not used.,
15:12,B,0000,,.dataFormat.dataItemFracSize,Fraction-size subfield is zero for the AMS signed fixed-point formats.,
11:6,B,000111,,.dataFormat.itemPackingFieldSize,Item packing field size is 8 bits.,
5:0,B,000111,,.dataFormat.dataItemSize,Data item size is 8 bits.,
31:16,B,0x0000,,.dataFormat.repeatCount,Repeat count is not used.,
15:0,B,0x0000,,.dataFormat.vectorSize,Vector size is not used.,
,,Decimal,Binary,,Data Item Type,
,,0,00000,,Signed Fixed-Point,
,,1,00001,,"Signed VRT, 1-bit exponent",
,,2,00010,,"Signed VRT, 2-bit exponent",
,,3,00011,,"Signed VRT, 3-bit exponent",
,,4,00100,,"Signed VRT, 4-bit exponent",
,,5,00101,,"Signed VRT, 5-bit exponent",
,,6,00110,,"Signed VRT, 6-bit exponent",
,,7,00111,,Signed Fixed-Point Non-Normalized,
,,8,01000,,Reserved,
,,9,01001,,Reserved,
,,10,01010,,Reserved,
,,11,01011,,Reserved,
,,12,01100,,Reserved,
,,13,01101,,IEEE-754 Half-Precision Floating-Point,
,,14,01110,,IEEE-754 Single-Precision Floating-Point,
,,15,01111,,IEEE-754 Double-Precision Floating-Point,
,,16,10000,,Unsigned Fixed-Point,
,,17,10001,,"Unsigned VRT, 1-bit exponent",
,,18,10010,,"Unsigned VRT, 2-bit exponent",
,,19,10011,,"Unsigned VRT, 3-bit exponent",
,,20,10100,,"Unsigned VRT, 4-bit exponent",
,,21,10101,,"Unsigned VRT, 5-bit exponent",
,,22,10110,,"Unsigned VRT, 6-bit exponent",
,,23,10111,,Unsigned Fixed-Point Non-Normalized,
,,24,11000,,Reserved,
,,25,11001,,Reserved,
,,26,11010,,Reserved,
,,27,11011,,Reserved,
,,28,11100,,Reserved,
,,29,11101,,Reserved,
,,30,11110,,Reserved,
,,31,11111,,Reserved,
