Group/Word/CIF,Requirement,Group Notes,Word,Bit,Designation,Bit Used,Default Value,Range,Function,Time Determined,Time When Payload Value Determined,Field Size (words),Notes
.header,Mandatory,These fields must mirror the corresponding control packet,1,31:28,.type,B,0111,0111,Packet Type: 0111 => Extension Command Packet,Fixed,N/A,,
.header,Mandatory,These fields must mirror the corresponding control packet,,27,.cBit,B,1,1,Indicates whether CLASS ID is included in the prologue,Fixed,N/A,,
.header,Mandatory,These fields must mirror the corresponding control packet,,26,.isAck,B,1,1,Indicates THAT THIS IS an acknowledge packet,Fixed,N/A,,
.header,Mandatory,These fields must mirror the corresponding control packet,,25,.reservedBit25,N,0,0,Reserved,N/A,N/A,,
.header,Mandatory,These fields must mirror the corresponding control packet,,24,.isCancellation,B,0,0,Indicates whether this is cancellation packet,Fixed,N/A,,
.header,Mandatory,These fields must mirror the corresponding control packet,,23:22,.tsi,B,11,11,"Indicates: 00 No int seconds time stamp, 01 => UTC, 10 => GPS, 11 => Other",Fixed per VA Definition,N/A,,
.header,Mandatory,These fields must mirror the corresponding control packet,,21:20,.tsf,B,10,10,"Indicates: 00 => No frac seconds field, 01 => sample count, 10 => picoseconds, 11 => free running count",Fixed per VA Definition,N/A,,
.header,Mandatory,These fields must mirror the corresponding control packet,,19:16,.packetCount,B,0,0:15,4-Bit Packet sequence number for this packet type in this streamID,Dynamic,N/A,,
.header,Mandatory,These fields must mirror the corresponding control packet,,15:0,.packetSize,B,N/A,0:2^16-1,Total number of 32-bit words in the packet including the prologue; computed from the final packet word count.,Fixed per VA Definition,N/A,,
.streamId (Stream Identifier),Mandatory,,2,31:0,.sid,B,0,,See Control and Context SID definitions.  Data SIDs will match the applicable control SIDs,VA Initialization,N/A,,See Control Tab
.classId (Class Identifier),Mandatory,Packet Class Identifier bits should match Extension Control Packet Class ID bits,3,31:27,.padBitCount,E,0,0,Number of pad bits (0…31) at the end of the packet to hit a 32-bit word boundary. Not used by Base Set.,Fixed per VA Definition,N/A,,
.classId (Class Identifier),Mandatory,Packet Class Identifier bits should match Extension Control Packet Class ID bits,,26:24,.reservedBits26to24,N,0,0,Reserved,N/A,N/A,,
.classId (Class Identifier),Mandatory,Packet Class Identifier bits should match Extension Control Packet Class ID bits,,23:0,.oui,B,0xAAAAAA,0xAAAAAA,"Organization Number. Organizationally Unique Identifier (OUI),  ""A 24-bit number that uniquely identifies a vendor, manufacturer, or other organization globally or worldwide""",Fixed per VA Definition,N/A,,
.classId (Class Identifier),Mandatory,Packet Class Identifier bits should match Extension Control Packet Class ID bits,4,31:24,.infoClassCode_Type,B,0x04,4:5,"0 => Unknown; 1 => TxComm, 2 => RxComm, 3 => Sensor;  4 => TxComm base set; 5 => RxComm Base Set; 6 => TxComm extended set 1; 7 => RxComm extended set 1; 8 => TxComm  extended set 2; 9 => RxComm extended set 2; (10-255) => TBD",Fixed per VA Definition,N/A,,
.classId (Class Identifier),Mandatory,Packet Class Identifier bits should match Extension Control Packet Class ID bits,,23:16,.infoClassCode_Version,B,0x00,0:2^8-1,Version number of information class,Fixed per VA Definition,N/A,,
.classId (Class Identifier),Mandatory,Packet Class Identifier bits should match Extension Control Packet Class ID bits,,15:8,.packetClassCode_Type,B,0x0C,0x0C,"Defined PacketTypes:  0x00 => undefined, 0x0A => Base Set Control ScheduleRequest, 0x0B => Base Set Schedule Acknowledge (AckR),  0x0C => Base Set Execution Acknowledge (AckX), 0x0D => Base Set Data, 0x0E => Base Set DataContext",Fixed per VA Definition,N/A,,
.classId (Class Identifier),Mandatory,Packet Class Identifier bits should match Extension Control Packet Class ID bits,,7:0,.packetClassCode_Version,B,0x05,0:2^8-1,Version of Packet Class definition for specified type,Fixed per VA Definition,N/A,,
.timeStamp (Time Stamp),Mandatory,,5,31:0,.tsi,B,0,0:2^32-1,"Integer time stamp, UTC seconds since midnight, Jan. 1, 2019",Dynamic within per VA limits,N/A,,
.timeStamp (Time Stamp),Mandatory,,6,31:0,.tsf,B,0,0:2^64-1,"Fractional time stamp most-significant (Upper 32 bits); format indicated by Header.tsf, picoseconds since last seconds update",Dynamic within per VA limits,N/A,,
.timeStamp (Time Stamp),Mandatory,,7,31:0,.tsfLower,B,0,,"Fractional time stamp least-significant (Lower 32 bits); format indicated by Header.tsf, picoseconds since last seconds update",Dynamic within per VA limits,N/A,,
.cam (Control/Ack Mode Field),Mandatory,,8,31,.ce,N,0,0,Identifier fields are not used in the AMS Base Set; set to zero,,,,
.cam (Control/Ack Mode Field),Mandatory,,,30,.ie,N,0,0,Identifier fields are not used in the AMS Base Set; set to zero,,,,
.cam (Control/Ack Mode Field),Mandatory,,,29,.cr,N,0,0,Identifier fields are not used in the AMS Base Set; set to zero,,,,
.cam (Control/Ack Mode Field),Mandatory,,,28,.ir,N,0,0,Identifier fields are not used in the AMS Base Set; set to zero,,,,
.cam (Control/Ack Mode Field),Mandatory,,,27,.p,E,0,0,Matches value in Control Packet being Acknowledged,,,,
.cam (Control/Ack Mode Field),Mandatory,,,26,.w,E,0,0,Matches value in Control Packet being Acknowledged,,,,
.cam (Control/Ack Mode Field),Mandatory,,,25,.er,E,0,0,Matches value in Control Packet being Acknowledged,,,,
.cam (Control/Ack Mode Field),Mandatory,,,24:23,.actionBits,B,10,10,Matches value in Control Packet being Acknowledged,,,,
.cam (Control/Ack Mode Field),Mandatory,,,22,.nack,E,0,0,Matches value in Control Packet being Acknowledged,,,,
.cam (Control/Ack Mode Field),Mandatory,,,21,.reservedBit21,N,0,0,Matches value in Control Packet being Acknowledged,,,,
.cam (Control/Ack Mode Field),Mandatory,,,20,.ackV,B,0,0,"1 = > Indicates this is a Validation Ack packet, 0 => otherwise. AckV, AckX, and AckS are mutually exclusive.",Fixed,N/A,,
.cam (Control/Ack Mode Field),Mandatory,,,19,.ackX,B,1,1,"1 = > Indicates this is an Execution Ack packet, 0 => otherwise. AckV, AckX, and AckS are mutually exclusive.",Fixed,N/A,,
.cam (Control/Ack Mode Field),Mandatory,,,18,.ackS,N,0,0,"1 => Indicates this is a Query-State Ack packet, 0 => otherwise. AckV, AckX, and AckS are mutually exclusive.",Fixed,N/A,,
.cam (Control/Ack Mode Field),Mandatory,,,17,.ackW,N,0,0,Warning reports are not supported in AckX by the AMS Base Set; set to zero,Dynamic,N/A,,
.cam (Control/Ack Mode Field),Mandatory,,,16,.ackEr,B,0,0:1,Indicates whether errors were generated,Dynamic,N/A,,"In AckX packets that support the Baseline Error Reporting format this bit indicates the presence of non-zero error indicator bits. When ackEr is 1, EIFs shall be present and shall identify the reported error payload fields. When ackEr is 0, no error fields are reported and EIFs shall not be present."
.cam (Control/Ack Mode Field),Mandatory,,,15,.ackR,B,0,0,"1 => Indicates this is an Information-Response Ack (AckR) packet, 0 => otherwise",Fixed,N/A,,
.cam (Control/Ack Mode Field),Mandatory,,,14:12,.timingControl,E,0,0,"000 => Executed the controls fields with no regard to timestamp constraints
001 => Executed within the device timing precision window
010 => Executed within device timing precision  window or within late window
011 => Executed within device timing precision window or withing early timing  window
100 => Executed within application timing execution window
101 => reserved
110 => reserved
111 => Did not execute some controls",TBD,N/A,,
.cam (Control/Ack Mode Field),Mandatory,,,11,.ackP,E,0,0,Indicates validation Partially completed (This Class is not using this bit),Dynamic,N/A,,
.cam (Control/Ack Mode Field),Mandatory,,,10,.schX,B,1,0:1,"0 => one or more fields can NOT be scheduled for execution at time in timestamp, 1 => all fields can be scheduled for execution at time in timestamp.  A self-scheduling MFA may send an AckR packet with .schX = 0 if the access requested by a Control Packet could not be scheduled. If a request was scheduled and an AckR packet was sent with .schX = 1, after which the packet was bumped from the schedule by a higher priority request, a second AckR or an AckV packet with .schX = 0 may be sent. An AckX packet with .schX = 0 shall be sent if the control packet was not executed due to schedule conflicts, e.g., the allowed (range of) execution time(s) has passed.",Dynamic,N/A,,AMS GRA extention allows for AckR or AckV packet response to schedule conflicts
.cam (Control/Ack Mode Field),Mandatory,,,9:8,.reservedBits9to8,N,0,0,Reserved,,,,
.cam (Control/Ack Mode Field),Mandatory,,,7:4,.schReqType,E,0,0:15,Matches values in Control Packet being Acknowledged,,,,
.cam (Control/Ack Mode Field),Mandatory,,,3,.reqStatusChange,E,0,0,This doesn't really make sense in an AckV or AckX packet. Set to 0.,Fixed,N/A,,
.cam (Control/Ack Mode Field),Mandatory,,,2:0,.reservedBits2to0,N,0,0,Reserved,,,,
.messageId (Unique Message Identifier),Mandatory,,9,31:0,.messageId,B,0,0:2^32-1,,,,,Same as Message Id of Control Packet being acknowledged
".controlleeId (Controllee Identifier, format is either 32-bit or 128-bit and is indicated by .cam.ie)",Forbidden,,10,31:0,.controlleeIdWord0,N,0,,,,,,
".controlleeId (Controllee Identifier, format is either 32-bit or 128-bit and is indicated by .cam.ie)",Forbidden,,10,127:96,.controlleeIdWord1,N,0,,,,,,
".controlleeId (Controllee Identifier, format is either 32-bit or 128-bit and is indicated by .cam.ie)",Forbidden,,11,95:64,.controlleeIdWord2,N,0,,,,,,
".controlleeId (Controllee Identifier, format is either 32-bit or 128-bit and is indicated by .cam.ie)",Forbidden,,12,63:32,.controlleeIdWord3,N,0,,,,,,
".controlleeId (Controllee Identifier, format is either 32-bit or 128-bit and is indicated by .cam.ie)",Forbidden,,13,31:0,.controlleeIdWord4,N,0,,,,,,
".controllerId (Controller Identifier, format is either 32-bit or 128-bit and is indicated by .cam.ir)",Forbidden,,14,31:0,.controllerIdWord0,N,0,,,,,,
".controllerId (Controller Identifier, format is either 32-bit or 128-bit and is indicated by .cam.ir)",Forbidden,,14,127:96,.controllerIdWord1,N,0,,,,,,
".controllerId (Controller Identifier, format is either 32-bit or 128-bit and is indicated by .cam.ir)",Forbidden,,15,95:64,.controllerIdWord2,N,0,,,,,,
".controllerId (Controller Identifier, format is either 32-bit or 128-bit and is indicated by .cam.ir)",Forbidden,,16,63:32,.controllerIdWord3,N,0,,,,,,
".controllerId (Controller Identifier, format is either 32-bit or 128-bit and is indicated by .cam.ir)",Forbidden,,17,31:0,.controllerIdWord4,N,0,,,,,,
.wif0 (Warning Indicator Field has same structure as Control Packet's Control Indicator Fields),Forbidden,"The Base Set does not use WIFs.  WIFs shall be present if .ackW = 1 above, and .reqW = 1 in the corresponding Control Packet. WIF 0 structure is the same as in the associated Extension Control packet CIF 0 Structure. A WIF bit shall be set to 1 only when there is a warning for the associated field.  Associated field warnings all follow the 32-bit warning/error format below.",N/A,31:0,.wif0,E,0,0:1,Warning fields follow the 32-bit warning/error format below.,,,,
.wif1 (Warning Indicator Field has same structure as Control Packet's Control Indicator Fields),Forbidden,"The Base Set does not use WIFs.  WIFs shall be present if .ackW = 1 above, and .reqW = 1 in the corresponding Control Packet. WIF 1 structure is the same as in the associated Extension Control packet CIF 1 Structure. A WIF bit shall be set to 1 only when there is a warning for the associated field.  Associated field warnings all follow the 32-bit warning/error format below.",N/A,31:0,.wif1,E,0,0:1,Warning fields follow the 32-bit warning/error format below.,,,,
.wif2 (Warning Indicator Field has same structure as Control Packet's Control Indicator Fields),Forbidden,"The Base Set does not use WIFs.  WIFs shall be present if .ackW = 1 above, and .reqW = 1 in the corresponding Control Packet. WIF 2 structure is the same as in the associated Extension Control packet CIF 2 Structure. A WIF bit shall be set to 1 only when there is a warning for the associated field.  Associated field warnings all follow the 32-bit warning/error format below.",N/A,31:0,.wif2,E,0,0:1,Warning fields follow the 32-bit warning/error format below.,,,,
.wif3 (Warning Indicator Field has same structure as Control Packet's Control Indicator Fields),Forbidden,"The Base Set does not use WIFs.  WIFs shall be present if .ackW = 1 above, and .reqW = 1 in the corresponding Control Packet. WIF 3 structure is the same as in the associated Extension Control packet CIF 3 Structure. A WIF bit shall be set to 1 only when there is a warning for the associated field.  Associated field warnings all follow the 32-bit warning/error format below.",N/A,31:0,.wif3,E,0,0:1,Warning fields follow the 32-bit warning/error format below.,,,,
.wif4 (Warning Indicator Field has same structure as Control Packet's Control Indicator Fields),Forbidden,"The Base Set does not use WIFs.  WIFs shall be present if .ackW = 1 above, and .reqW = 1 in the corresponding Control Packet. WIF 4 structure is the same as in the associated Extension Control packet CIF 4 Structure. A WIF bit shall be set to 1 only when there is a warning for the associated field.  Associated field warnings all follow the 32-bit warning/error format below.",N/A,31:0,.wif4,E,0,0:1,Warning fields follow the 32-bit warning/error format below.,,,,
.wif7 (Warning Indicator Field has same structure as Control Packet's Control Indicator Fields),Forbidden,"The Base Set does not use WIFs.  WIFs shall be present if .ackW = 1 above, and .reqW = 1 in the corresponding Control Packet. WIF 7 structure is the same as in the associated Extension Control packet CIF 7 Structure. A WIF bit shall be set to 1 only when there is a warning for the associated field.  Associated field warnings all follow the 32-bit warning/error format below.",N/A,31:0,.wif7,E,0,0:1,Warning fields follow the 32-bit warning/error format below.,,,,
.eif0 (Error indicator field has same structure as Control Packet's Control Indicator Fields),Optional,"EIF0 shall  be present in AckX packets when an error condition occurs. The error may be associated with any field, or may not be assoicated with a specific field. When there is no error reported, EIF 0 it is not present. EIF 0 structure is the same as in the associated Extension Control (Schedule Request) packet CIF 0 Structure. An EIF bit shall be set to 1 when there is an error message for an associated field.  Associated-field error messages all follow the 32-bit warning/error format below.",10,31,.cfci,B,0,0:1,An Error has occurred with no correspoinding Payload Field,,,,1 => an Error Payload Field is included below describing an error  that does not correspond to any of the Command Payload Fields supported
.eif0 (Error indicator field has same structure as Control Packet's Control Indicator Fields),Optional,"EIF0 shall  be present in AckX packets when an error condition occurs. The error may be associated with any field, or may not be assoicated with a specific field. When there is no error reported, EIF 0 it is not present. EIF 0 structure is the same as in the associated Extension Control (Schedule Request) packet CIF 0 Structure. An EIF bit shall be set to 1 when there is an error message for an associated field.  Associated-field error messages all follow the 32-bit warning/error format below.",,29,.bandwidth,B,0,0:1,3 dB Bandwidth,,,2,
.eif0 (Error indicator field has same structure as Control Packet's Control Indicator Fields),Optional,"EIF0 shall  be present in AckX packets when an error condition occurs. The error may be associated with any field, or may not be assoicated with a specific field. When there is no error reported, EIF 0 it is not present. EIF 0 structure is the same as in the associated Extension Control (Schedule Request) packet CIF 0 Structure. An EIF bit shall be set to 1 when there is an error message for an associated field.  Associated-field error messages all follow the 32-bit warning/error format below.",,27,.rfRefFreq,B,0,0:1,"RF reference frequency.  This is usually the center of the analog superchannel and will always be a large positive number. If rfRefFreqOffset=0, rfRefFreq translatetes to ifRefFreq during frequency converslin.",,,2,
.eif0 (Error indicator field has same structure as Control Packet's Control Indicator Fields),Optional,"EIF0 shall  be present in AckX packets when an error condition occurs. The error may be associated with any field, or may not be assoicated with a specific field. When there is no error reported, EIF 0 it is not present. EIF 0 structure is the same as in the associated Extension Control (Schedule Request) packet CIF 0 Structure. An EIF bit shall be set to 1 when there is an error message for an associated field.  Associated-field error messages all follow the 32-bit warning/error format below.",,23,.gain,B,0,0:1,"Gain bits 31:16 are not used in the base set and shall be set to 0. Bits 15:0 should be used in Base Set Rx Schedule Requests to control signal amplitude into the MFA ADC. Gain shall not be used on Tx, as it will conflict with EIRP (figure of merit, CIF 4/29). Gain bits 15:0 shall be set to 0 in Tx Schdule Requests.",,,1,
.eif0 (Error indicator field has same structure as Control Packet's Control Indicator Fields),Optional,"EIF0 shall  be present in AckX packets when an error condition occurs. The error may be associated with any field, or may not be assoicated with a specific field. When there is no error reported, EIF 0 it is not present. EIF 0 structure is the same as in the associated Extension Control (Schedule Request) packet CIF 0 Structure. An EIF bit shall be set to 1 when there is an error message for an associated field.  Associated-field error messages all follow the 32-bit warning/error format below.",,21,.sampleRate,B,0,0:1,Sample rate in Hz,,,2,
.eif0 (Error indicator field has same structure as Control Packet's Control Indicator Fields),Optional,"EIF0 shall  be present in AckX packets when an error condition occurs. The error may be associated with any field, or may not be assoicated with a specific field. When there is no error reported, EIF 0 it is not present. EIF 0 structure is the same as in the associated Extension Control (Schedule Request) packet CIF 0 Structure. An EIF bit shall be set to 1 when there is an error message for an associated field.  Associated-field error messages all follow the 32-bit warning/error format below.",,15,.dataFormat,B,0,0:1,Signal data packet payload format.  We should always send the data packet format,,,2,
.eif0 (Error indicator field has same structure as Control Packet's Control Indicator Fields),Optional,"EIF0 shall  be present in AckX packets when an error condition occurs. The error may be associated with any field, or may not be assoicated with a specific field. When there is no error reported, EIF 0 it is not present. EIF 0 structure is the same as in the associated Extension Control (Schedule Request) packet CIF 0 Structure. An EIF bit shall be set to 1 when there is an error message for an associated field.  Associated-field error messages all follow the 32-bit warning/error format below.",,4,.eif4enable,B,0,0:1,Indicates presence of EIF 4 in packet,,,,EIF 4 is  present when a CIF 4 Parameter causes an error
.eif0 (Error indicator field has same structure as Control Packet's Control Indicator Fields),Optional,"EIF0 shall  be present in AckX packets when an error condition occurs. The error may be associated with any field, or may not be assoicated with a specific field. When there is no error reported, EIF 0 it is not present. EIF 0 structure is the same as in the associated Extension Control (Schedule Request) packet CIF 0 Structure. An EIF bit shall be set to 1 when there is an error message for an associated field.  Associated-field error messages all follow the 32-bit warning/error format below.",,3,.eif3enable,B,0,0:1,Indicates presence of EIF 3 in packet,,,,EIF 3 is  present when a CIF3 Parameter causes an error
.eif0 (Error indicator field has same structure as Control Packet's Control Indicator Fields),Optional,"EIF0 shall  be present in AckX packets when an error condition occurs. The error may be associated with any field, or may not be assoicated with a specific field. When there is no error reported, EIF 0 it is not present. EIF 0 structure is the same as in the associated Extension Control (Schedule Request) packet CIF 0 Structure. An EIF bit shall be set to 1 when there is an error message for an associated field.  Associated-field error messages all follow the 32-bit warning/error format below.",,2,.eif2enable,B,0,0:1,Indicates presence of EIF 2 in packet,,,,EIF 2 is  present when a CIF 2 Parameter causes an error
.eif0 (Error indicator field has same structure as Control Packet's Control Indicator Fields),Optional,"EIF0 shall  be present in AckX packets when an error condition occurs. The error may be associated with any field, or may not be assoicated with a specific field. When there is no error reported, EIF 0 it is not present. EIF 0 structure is the same as in the associated Extension Control (Schedule Request) packet CIF 0 Structure. An EIF bit shall be set to 1 when there is an error message for an associated field.  Associated-field error messages all follow the 32-bit warning/error format below.",,1,.eif1enable,B,0,0:1,Indicates presence of EIF 1 in packet,,,,EIF 1 is  present when a CIF 1 Parameter causes an error
.eif1 (Error indicator field has same structure as Control Packet's Control Indicator Fields),Optional,EIF1 shall  be present in AckX packets when a CIF 1 field causes an error. EIF 1 structure is the same as in the associated Extension Control (Schedule Request) packet CIF 1 Structure. An EIF bit shall be set to 1 when there is an error message for an associated field. Associated-field error messages all follow the 32-bit warning/error format below.,11,30,.polarization,B,0,0:1,"Polarization: Upper bits 31:16 indicate polarization ellipse tilt angle, lower bits 15:0 indicate ellipse eccentricity. Both are measured in radians. Tilt angle is the angle of the polarization-ellipse major axis  measured counter-clockwise from the array/antenna plane positive x-axis [2,4], with the x-axis defined in system documentation. Ellipticity describes the eccentricity of the polarization ellipse, including direction of rotation where appropriate. Linear polarization is described by ellipticity = π/4. For tilt = 0 linear polarization is horizontal, and for tilt = π/2 linear polarization is vertical, thus horzontal polarization is parallel to the antenna x-axis, and vertical polarization parallel to the antenna y-axis, both as defined in system documentation.  Ellipticity = 0 indicates right-handed circular polarization, and ellipticity = π/2 indicates left-handed circular polarization, where left- or right-handed rotation shall be defined  from the point of view of an observer at the receiver looking toward the transmitter [2,4].  Note that the direction in which tilt angle is measured, and the definitions of left- and right-handed rotation are inconsistent with IEEE standards [3].",,,1,
.eif1 (Error indicator field has same structure as Control Packet's Control Indicator Fields),Optional,EIF1 shall  be present in AckX packets when a CIF 1 field causes an error. EIF 1 structure is the same as in the associated Extension Control (Schedule Request) packet CIF 1 Structure. An EIF bit shall be set to 1 when there is an error message for an associated field. Associated-field error messages all follow the 32-bit warning/error format below.,,29,.pointing3d,B,0,0:1,"3-D pointing vector. Indicates pointing beam direction relative to the assigned aperture boresight. 3D pointing has two subfields: Bits 31:16 are elevation, bits 15:0 are azimuth, both in the antenna frame of reference. Define antenna boresight as the z-axis, the x axis is orthogonal to z and ""horizontal"" in the frame of reference defined by the antenna. The y axis points ""up"" in the antenna frame and is 90° clockwise from the x axis when looking out along boresight. Elevation is measured up (positive y direction) from the x-z plain to the pointing vector. Azimuth is measured in the x-z plain, between the projection of the pointing vector onto the x-z plain and boresight.  Positive azimuth angles are measured clockwise from boresight when looking down (from positive y toward the x-z plain).",,,1,
.eif1 (Error indicator field has same structure as Control Packet's Control Indicator Fields),Optional,EIF1 shall  be present in AckX packets when a CIF 1 field causes an error. EIF 1 structure is the same as in the associated Extension Control (Schedule Request) packet CIF 1 Structure. An EIF bit shall be set to 1 when there is an error message for an associated field. Associated-field error messages all follow the 32-bit warning/error format below.,,25,.beamWidth,B,0,0:1,Beamwidth: Indicate the desired beamwidth,,,1,
.eif2 (Error indicator field has same structure as Control Packet's Control Indicator Fields),Optional,EIF2 shall  be present in AckX packets when a CIF 2 field causes an error. EIF 2 structure is the same as in the associated Extension Control (Schedule Request) packet CIF 2 Structure. An EIF bit shall be set to 1 when there is an error message for an associated field. Associated-field error messages all follow the 32-bit warning/error format below.,12,6,.funcPriorityId,B,0,0:1,"Function priority ID for resolving conflicting requests to use MFA resources. Unsigned 32-bit integer, bigger is higher priority",,,1,
.eif3 (Error indicator field has same structure as Control Packet's Control Indicator Fields),Optional,EIF3 shall  be present in AckX packets when a CIF 3 field causes an error. EIF 3 structure is the same as in the associated Extension Control (Schedule Request) packet CIF 3 Structure. An EIF bit shall be set to 1 when there is an error message for an associated field. Associated-field error messages all follow the 32-bit warning/error format below.,13,21,.dwell,B,0,0:1,"Dwell duration in femtoseconds, where Dwell is the duration of a requested transmitter or receiver event, i.e. the transmitter or receiver has exclusive use of an assigned aperture. If Schedule Request type schReqType=1, a dwell shall begin at the Schedule Request TimeStamp and last for Dwell femtoseconds. For receive events all data samples received during a dwell will be sent to the requesting skill. For transmit events the aperture may transmit one or more data bursts during a dwell, with burst durations defined by the data packet time stamp and size, provided all bursts are entirely contained within the dwell. The dwell value ranges from 0 to ~9223 s ( ~154 minutes).",,,2,
.eif4 (Error indicator field has same structure as Control Packet's Control Indicator Fields),Optional,EIF4 shall  be present in AckX packets when a CIF 4 field causes an error. EIF 4 structure is the same as in the associated Extension Control (Schedule Request) packet CIF 4 Structure. An EIF bit shall be set to 1 when there is an error message for an associated field. Associated-field error messages all follow the 32-bit warning/error format below.,14,29,.rfFigureOfMerit,B,0,0:1,"Requested input G/T (dB/K) range for Rx, requested EIRP (dBm) range on Tx.  The MFA shall, to the best of its ability, meet the EIRP or G/T request in the lower 16 bits of this word (bits 15:0) at any pointing angle inside the documented aperture Field of Regard. Calculation of EIRP or G/T values  supported by an MFA shall include the effects of scan angle, beamwidth, and frequency, as appropriate. The EIRP calculation shall include polarization mismatch only if transmit polarization realized is different from polarization requested, in which case it shall be assumed the receiver is configured for the requested polarization. G/T calculation shall not include the effects of external noise. The MFA shall provide an EIRP  as close to the requested value (bits 15:0) as possible without exceeding it. If the maximum available EIRP is below the lower limit in bits 31:16, the MFA shall reject the schedule request. Requests with pointing angle and/or other parameters that result in G/T below the value provided in the upper 16 bits (bits 31:16) shall be rejected by the scheduler. Configurations producing G/T greater than the requested value (bits 15:0) may be allowed.  Note that VITA 49.2 defines polariation angles and rotation from the point of view of an observer at the receiver, rather than at the transmitter as in [3].",,,1,
.eif4 (Error indicator field has same structure as Control Packet's Control Indicator Fields),Optional,EIF4 shall  be present in AckX packets when a CIF 4 field causes an error. EIF 4 structure is the same as in the associated Extension Control (Schedule Request) packet CIF 4 Structure. An EIF bit shall be set to 1 when there is an error message for an associated field. Associated-field error messages all follow the 32-bit warning/error format below.,,24,.addressGroupIndex,B,0,0:1,"Provides a look-up index that points to a collection of MFP address for data and Ack packets associated with this Schedule Request. That is one or more data packet stream(s) with SID matching the Control SID, or  SID's identified by the SID or index in the field (2/30) .citedSID. Plus AckR and AckX packet streams with SID matching the Control SID.  The corresponding MFA addresses are in the same field (CIF 4, Bit 24) of the corresponding AckR packet.",,,1,
.eif4 (Error indicator field has same structure as Control Packet's Control Indicator Fields),Optional,EIF4 shall  be present in AckX packets when a CIF 4 field causes an error. EIF 4 structure is the same as in the associated Extension Control (Schedule Request) packet CIF 4 Structure. An EIF bit shall be set to 1 when there is an error message for an associated field. Associated-field error messages all follow the 32-bit warning/error format below.,,21,.txDigitalInputPower,B,1,0:1,"Bits 15:0 contain Nominal power level of digital TX signal input to MFA for transmission, dBfs, where ""full scale power"" shall be defined as the power of a complex digital sinusoid with amplitude equal to full scale. Set to 0 for Rx. Set bits 31:16 to 0.",,,1,
.eif7 (Error indicator field has same structure as Control Packet's Control Indicator Fields),Forbidden,EIF7 is not supported in the Baseline AckX packet,N/A,31:0,.eif7,N,0,0:1,Error fields follow the 32-bit warning/error format below.,,,,
.wifPayloadFields  (The following is an example of a warning field whose presence is indicated by the WIFs),Forbidden,Warning Payload Fields are not supported in the Base Set,N/A,31,.notExecuted,N,0,0:1,Field not executed due to warning or error,,,,
.wifPayloadFields  (The following is an example of a warning field whose presence is indicated by the WIFs),Forbidden,Warning Payload Fields are not supported in the Base Set,,30,.deviceFailure,N,0,0:1,Field not executed properly  due to a device failure,,,,
.wifPayloadFields  (The following is an example of a warning field whose presence is indicated by the WIFs),Forbidden,Warning Payload Fields are not supported in the Base Set,,29,.erroneousField,N,0,0:1,Device does not support the field,,,,
.wifPayloadFields  (The following is an example of a warning field whose presence is indicated by the WIFs),Forbidden,Warning Payload Fields are not supported in the Base Set,,28,.outOfRange,N,0,0:1,Supplied field value is beyond the capability or operational range of this device,,,,
.wifPayloadFields  (The following is an example of a warning field whose presence is indicated by the WIFs),Forbidden,Warning Payload Fields are not supported in the Base Set,,27,.unsupportedPrecision,N,0,0:1,Supplied field value specifies a level of precision beyond the capability of this device,,,,
.wifPayloadFields  (The following is an example of a warning field whose presence is indicated by the WIFs),Forbidden,Warning Payload Fields are not supported in the Base Set,,26,.invalidValue,N,0,0:1,Field had an invalid setting beyond those specified above,,,,
.wifPayloadFields  (The following is an example of a warning field whose presence is indicated by the WIFs),Forbidden,Warning Payload Fields are not supported in the Base Set,,25,.badTimestamp,N,0,0:1,"Controllee was unable to meet the timestamp requirement specified by the [T2,T1,T0] bits for the specified field.",,,,
.wifPayloadFields  (The following is an example of a warning field whose presence is indicated by the WIFs),Forbidden,Warning Payload Fields are not supported in the Base Set,,24,.hazardousPowerLevels,N,0,0:1,Supplied field will cause transmission of hazardous power levels,,,,
.wifPayloadFields  (The following is an example of a warning field whose presence is indicated by the WIFs),Forbidden,Warning Payload Fields are not supported in the Base Set,,23,.distortion,N,0,0:1,Supplied field will cause components to be over driven eading to distortion,,,,
.wifPayloadFields  (The following is an example of a warning field whose presence is indicated by the WIFs),Forbidden,Warning Payload Fields are not supported in the Base Set,,22,.inBandPowerCompliance,N,0,0:1,Supplied field will place the in-band power levels out of compliance,,,,
.wifPayloadFields  (The following is an example of a warning field whose presence is indicated by the WIFs),Forbidden,Warning Payload Fields are not supported in the Base Set,,21,.outOfBandPowerCompliance,N,0,0:1,supplied field will place the out-of-band power levels out of compliance,,,,
.wifPayloadFields  (The following is an example of a warning field whose presence is indicated by the WIFs),Forbidden,Warning Payload Fields are not supported in the Base Set,,20,.coSiteInterference,N,0,0:1,Supplied field will cause co-site interference between transmitter and receiver at same location,,,,
.wifPayloadFields  (The following is an example of a warning field whose presence is indicated by the WIFs),Forbidden,Warning Payload Fields are not supported in the Base Set,,19,.regionalInterference,N,0,0:1,Supplied field will cause interference between devices in same operational region,,,,
.wifPayloadFields  (The following is an example of a warning field whose presence is indicated by the WIFs),Forbidden,Warning Payload Fields are not supported in the Base Set,,18:13,.reservedBits18to13,N,0,0,Reserved,,,,
.wifPayloadFields  (The following is an example of a warning field whose presence is indicated by the WIFs),Forbidden,Warning Payload Fields are not supported in the Base Set,,12:1,.userDefinedWarningErrors,N,0,0:1,User specified custom error types,,,,
.wifPayloadFields  (The following is an example of a warning field whose presence is indicated by the WIFs),Forbidden,Warning Payload Fields are not supported in the Base Set,,0,.reservedBit0,N,0,0,Reserved,,,,
.errorPayloadFields,Variable,A variable number of error payload fields are included to describe errors flagged in EIF fields. Error payload fields are provided in the same order as the EIF bits. See Error Payload Fields.,15,31,.notExecuted,B,0,0:1,Field not executed due to warning or error,,,,
.errorPayloadFields,Variable,A variable number of error payload fields are included to describe errors flagged in EIF fields. Error payload fields are provided in the same order as the EIF bits. See Error Payload Fields.,,30,.deviceFailure,B,0,0:1,Field not executed properly  due to a device failure,,,,
.errorPayloadFields,Variable,A variable number of error payload fields are included to describe errors flagged in EIF fields. Error payload fields are provided in the same order as the EIF bits. See Error Payload Fields.,,29,.erroneousField,B,0,0:1,Device does not support the field,,,,
.errorPayloadFields,Variable,A variable number of error payload fields are included to describe errors flagged in EIF fields. Error payload fields are provided in the same order as the EIF bits. See Error Payload Fields.,,28,.outOfRange,B,0,0:1,Supplied field value is beyond the capability or operational range of this device,,,,
.errorPayloadFields,Variable,A variable number of error payload fields are included to describe errors flagged in EIF fields. Error payload fields are provided in the same order as the EIF bits. See Error Payload Fields.,,27,.unsupportedPrecision,B,0,0:1,Supplied field value specifies a level of precision beyond the capability of this device,,,,
.errorPayloadFields,Variable,A variable number of error payload fields are included to describe errors flagged in EIF fields. Error payload fields are provided in the same order as the EIF bits. See Error Payload Fields.,,26,.invalidValue,B,0,0:1,Field had an invalid setting beyond those specified above,,,,
.errorPayloadFields,Variable,A variable number of error payload fields are included to describe errors flagged in EIF fields. Error payload fields are provided in the same order as the EIF bits. See Error Payload Fields.,,25,.badTimestamp,B,0,0:1,"Controllee was unable to meet the timestamp requirement specified by the [T2,T1,T0] bits for the specified field.",,,,
.errorPayloadFields,Variable,A variable number of error payload fields are included to describe errors flagged in EIF fields. Error payload fields are provided in the same order as the EIF bits. See Error Payload Fields.,,24,.hazardousPowerLevels,B,0,0:1,Supplied field will cause transmission of hazardous power levels,,,,
.errorPayloadFields,Variable,A variable number of error payload fields are included to describe errors flagged in EIF fields. Error payload fields are provided in the same order as the EIF bits. See Error Payload Fields.,,23,.distortion,B,0,0:1,Supplied field will cause components to be over driven eading to distortion,,,,
.errorPayloadFields,Variable,A variable number of error payload fields are included to describe errors flagged in EIF fields. Error payload fields are provided in the same order as the EIF bits. See Error Payload Fields.,,22,.inBandPowerCompliance,B,0,0:1,Supplied field will place the in-band power levels out of compliance,,,,
.errorPayloadFields,Variable,A variable number of error payload fields are included to describe errors flagged in EIF fields. Error payload fields are provided in the same order as the EIF bits. See Error Payload Fields.,,21,.outOfBandPowerCompliance,B,0,0:1,supplied field will place the out-of-band power levels out of compliance,,,,
.errorPayloadFields,Variable,A variable number of error payload fields are included to describe errors flagged in EIF fields. Error payload fields are provided in the same order as the EIF bits. See Error Payload Fields.,,20,.coSiteInterference,B,0,0:1,Supplied field will cause co-site interference between transmitter and receiver at same location,,,,
.errorPayloadFields,Variable,A variable number of error payload fields are included to describe errors flagged in EIF fields. Error payload fields are provided in the same order as the EIF bits. See Error Payload Fields.,,19,.regionalInterference,B,0,0:1,Supplied field will cause interference between devices in same operational region,,,,
.errorPayloadFields,Variable,A variable number of error payload fields are included to describe errors flagged in EIF fields. Error payload fields are provided in the same order as the EIF bits. See Error Payload Fields.,,18,.reservedBit18,B,0,0,,,,,
.errorPayloadFields,Variable,A variable number of error payload fields are included to describe errors flagged in EIF fields. Error payload fields are provided in the same order as the EIF bits. See Error Payload Fields.,,17:15,.eifNo,B,0,0:4,Number of EIF containing error flag this error payload field reports on,,,,See Error Payload Field tab
.errorPayloadFields,Variable,A variable number of error payload fields are included to describe errors flagged in EIF fields. Error payload fields are provided in the same order as the EIF bits. See Error Payload Fields.,,14:10,.eifBitNo,B,0,0:31,Bit Number within EIF of error flag this error payload field reports on,,,,
.errorPayloadFields,Variable,A variable number of error payload fields are included to describe errors flagged in EIF fields. Error payload fields are provided in the same order as the EIF bits. See Error Payload Fields.,,9:0,.errorEnumIndex,B,0,0:1023,Index into Error Enumeration List: see Error Payload Field Tab,,,,
