Group/Word/CIF,Requirement,Group Notes,Word,Bit,Designation,Bit Used,Default Value,Range,Function,Field Size (words),Notes
.header,Mandatory,,1,31:28,.type,B,0101,0101,Packet Type: 0101 => Extension Context Packet,,
.header,Mandatory,,,27,.cBit,B,1,1,Indicates whether CLASS ID is included in the prologue,,
.header,Mandatory,,,26,.reservedBit26,N,0,0,Reserved,,
.header,Mandatory,,,25,.notV49p0Packet,N,0,0,Not a V49.0 Packet,,
.header,Mandatory,,,24,.timeStampMode,B,0,0,"Timestamp Mode, 0=> fine, 1=>coarse (see 7.1.1, 7.1.3 and Permission 7.1.4-2)",,
.header,Mandatory,,,23:22,.tsi,B,11,11,"Indicates: 00 No int seconds time stamp, 01 => UTC, 10 => GPS, 11 => Other",,
.header,Mandatory,,,21:20,.tsf,B,10,10,"Indicates: 00 => No frac seconds field, 01 => sample count, 10 => picoseconds, 11 => free running count",,
.header,Mandatory,,,19:16,.packetCount,B,0,0:15,4-Bit Packet type sequence number,,
.header,Mandatory,,,15:0,.packetSize,B,29,29,Total number of 32-bit words in the packet including the prologue,,
.streamId (Stream Identifier),Mandatory,,2,31:0,.sid,B,0,,Stream ID provided in associated AckR packets used to schedule access. May match associated data stream. Or not.,,See Control Tab
.classId (Class Identifier),Mandatory,,3,31:27,.padBitCount,E,0,0,Number of pad bits (0…31) at the end of the packet to hit a 32-bit word boundary. Not used by Base Set.,,
.classId (Class Identifier),Mandatory,,,26:24,.reservedBits26to24,N,0,0,Reserved,,
.classId (Class Identifier),Mandatory,,,23:0,.oui,B,0xAAAAAA,0xAAAAAA,"Organization Number. Organizationally Unique Identifier (OUI),  ""A 24-bit number that uniquely identifies a vendor, manufacturer, or other organization globally or worldwide""",,
.classId (Class Identifier),Mandatory,,4,31:24,.infoClassCode_Type,B,0x05,4:5,"0 => Unknown; 1 => TxComm, 2 => RxComm, 3 => Sensor;  4 => TxComm base set; 5 => RxComm Base Set; 6 => TxComm extended set 1; 7 => RxComm extended set 1; 8 => TxComm  extended set 2; 9 => RxComm extended set 2; (10-255) => TBD",,
.classId (Class Identifier),Mandatory,,,23:16,.infoClassCode_Version,B,0x00,0:2^8-1,Version number of information class,,
.classId (Class Identifier),Mandatory,,,15:8,.packetClassCode_Type,B,0x0E,0x0E,"Defined PacketTypes:  0x00 => undefined, 0x0A => Base Set Control ScheduleRequest, 0x0B => Base Set Schedule Acknowledge (AckR),  0x0C => Base Set Execution Acknowledge (AckX), 0x0D => Base Set Data, 0x0E => Base Set DataContext",,
.classId (Class Identifier),Mandatory,,,7:0,.packetClassCode_Version,B,0x05,0:2^8-1,Version of Packet Class definition for specified type,,
.timeStamp (Time Stamp),Mandatory,,5,31:0,.tsi,B,0,0:2^32-1,"Integer time stamp, UTC seconds since midnight, Jan. 1, 2019",,
.timeStamp (Time Stamp),Mandatory,,6,63:32,.tsf,B,0,0:2^64-1,"Fractional time stamp most-significant (Upper 32 bits); format indicated by header.tsf, picoseconds since last seconds update",,
.timeStamp (Time Stamp),Mandatory,,7,31:0,.tsfLower,B,0,,"Fractional time stamp least-significant (Lower 32 bits); format indicated by header.tsf, picoseconds since last seconds update",,
".cif0 (Control Indicator Field 0, Legacy Fields)",Mandatory,See Cotrol-Context Payload Formats,8,31,.cfci,B,1,1,Context field change indicator: Control packets are only sent when something needs to be changed so this should be set to 1,0,
".cif0 (Control Indicator Field 0, Legacy Fields)",Mandatory,See Cotrol-Context Payload Formats,,30,.rpi,N,0,0,Reference point identifier,,
".cif0 (Control Indicator Field 0, Legacy Fields)",Mandatory,See Cotrol-Context Payload Formats,,29,.bandwidth,B,1,1,3 dB Bandwidth,2,
".cif0 (Control Indicator Field 0, Legacy Fields)",Mandatory,See Cotrol-Context Payload Formats,,28,.ifRefFreq,E,0,0,IF reference frequency.  This is the digital frequency offset within the superchannel of the transmission burst.  It is referenced to the center of the superchannel.  Hence the ifRefFreq can be positive or negative.,2,
".cif0 (Control Indicator Field 0, Legacy Fields)",Mandatory,See Cotrol-Context Payload Formats,,27,.rfRefFreq,B,1,1,RF reference frequency.  This is the center of the superchannel and will always be a large positive number.,2,
".cif0 (Control Indicator Field 0, Legacy Fields)",Mandatory,See Cotrol-Context Payload Formats,,26,.rfRefFreqOffset,E,0,0,Offset from RF Ref Freq of RF frequency that translates to/from IF Ref Freq,2,
".cif0 (Control Indicator Field 0, Legacy Fields)",Mandatory,See Cotrol-Context Payload Formats,,25,.ifBandOffset,E,0,0,IF band offset,2,
".cif0 (Control Indicator Field 0, Legacy Fields)",Mandatory,See Cotrol-Context Payload Formats,,24,.refLevel,E,0,0,"CIF0/24 Reference level relates digital signal amplitude to analog signal power. An analog Reference Point and location for the digital Described Signal must be defined in system documentation. The Reference Level is the AC power of a single analog sine wave at the reference point that produces a unit-scale digital sine wave as the Described Signal. Note that a unit scale sine wave for N-bit two's complement data is defined as one with amplitude ranging from -2^(N-1) to +2^(N-1), which exceeds the available range of an N-bit two's complement number at its peak value.",1,
".cif0 (Control Indicator Field 0, Legacy Fields)",Mandatory,See Cotrol-Context Payload Formats,,23,.gain,B,1,1,"Gain bits 31:16 are not used in the base set and shall be set to 0. Bits 15:0 should be used in Base Set Rx Schedule Requests to control signal amplitude into the MFA ADC. Context Packet Gain Bits 15:0 shall be used to indicate the MFA  Gain setting, which may differ from the requested value. Gain Bits shall not be used on Tx, as it will conflict with EIRP (figure of merit, CIF 4/29). Gain bits 15:0 shall be set to 0 in Tx Schdule Request and Context Packets.",1,
".cif0 (Control Indicator Field 0, Legacy Fields)",Mandatory,See Cotrol-Context Payload Formats,,22,.overRangeCount,N,0,0,Over-range count,,
".cif0 (Control Indicator Field 0, Legacy Fields)",Mandatory,See Cotrol-Context Payload Formats,,21,.sampleRate,B,1,1,Sample rate in Hz,2,
".cif0 (Control Indicator Field 0, Legacy Fields)",Mandatory,See Cotrol-Context Payload Formats,,20,.tsa,N,0,0,Time stamp adjustment,,
".cif0 (Control Indicator Field 0, Legacy Fields)",Mandatory,See Cotrol-Context Payload Formats,,19,.tsCalTime,N,0,0,Time stamp calibration time,,
".cif0 (Control Indicator Field 0, Legacy Fields)",Mandatory,See Cotrol-Context Payload Formats,,18,.temp,N,0,0,Temperature,,
".cif0 (Control Indicator Field 0, Legacy Fields)",Mandatory,See Cotrol-Context Payload Formats,,17,.deviceId,N,0,0,Device identifier,,
".cif0 (Control Indicator Field 0, Legacy Fields)",Mandatory,See Cotrol-Context Payload Formats,,16,.sei,N,0,0,"State and Event Indicator. Eight predefined indicator bits with corresponding enable bits, plus 8 user-defined bits. Bits 28 and 16 indicate whether AGC is in use. See [2] Table 9.10.8-1. Not currently in use.",1,
".cif0 (Control Indicator Field 0, Legacy Fields)",Mandatory,See Cotrol-Context Payload Formats,,15,.dataFormat,B,1,1,Signal data packet payload format.  We should always send the data packet format,2,
".cif0 (Control Indicator Field 0, Legacy Fields)",Mandatory,See Cotrol-Context Payload Formats,,14,.gps,N,0,0,Formatted GPS,,
".cif0 (Control Indicator Field 0, Legacy Fields)",Mandatory,See Cotrol-Context Payload Formats,,13,.ins,N,0,0,Formatted INS,,
".cif0 (Control Indicator Field 0, Legacy Fields)",Mandatory,See Cotrol-Context Payload Formats,,12,.ecef,N,0,0,ECEF ephemeris,,
".cif0 (Control Indicator Field 0, Legacy Fields)",Mandatory,See Cotrol-Context Payload Formats,,11,.relativeEphemeris,N,0,0,Relative ephemeris,,
".cif0 (Control Indicator Field 0, Legacy Fields)",Mandatory,See Cotrol-Context Payload Formats,,10,.ephemerisRefId,N,0,0,Ephermeris reference ID,,
".cif0 (Control Indicator Field 0, Legacy Fields)",Mandatory,See Cotrol-Context Payload Formats,,9,.gpsAscii,N,0,0,GPS ASCII,,
".cif0 (Control Indicator Field 0, Legacy Fields)",Mandatory,See Cotrol-Context Payload Formats,,8,.contextAssocLists,N,0,0,Context association lists,,
".cif0 (Control Indicator Field 0, Legacy Fields)",Mandatory,See Cotrol-Context Payload Formats,,7,.cif7enable,N,0,0,Field attributes enable,,
".cif0 (Control Indicator Field 0, Legacy Fields)",Mandatory,See Cotrol-Context Payload Formats,,6:5,.reservedBits6to5,N,0,0,Reserved,,
".cif0 (Control Indicator Field 0, Legacy Fields)",Mandatory,See Cotrol-Context Payload Formats,,4,.cif4enable,B,1,1,Extension Fields,,
".cif0 (Control Indicator Field 0, Legacy Fields)",Mandatory,See Cotrol-Context Payload Formats,,3,.cif3enable,B,1,1,"Temporal, environmental",,
".cif0 (Control Indicator Field 0, Legacy Fields)",Mandatory,See Cotrol-Context Payload Formats,,2,.cif2enable,B,1,1,Identifiers (tags),,
".cif0 (Control Indicator Field 0, Legacy Fields)",Mandatory,See Cotrol-Context Payload Formats,,1,.cif1enable,B,1,1,"Spatial, Signal spectral, I/O, Ctl",,
".cif0 (Control Indicator Field 0, Legacy Fields)",Mandatory,See Cotrol-Context Payload Formats,,0,.reservedBit0,N,0,0,Reserved,,
".cif1 (Control Indicator Field 1, Spatial, Signal, Spectral, I/O, Ctl)",Mandatory,See Cotrol-Context Payload Formats,9,31,.phaseOffset,E,0,0:1,Phase offset,1,
".cif1 (Control Indicator Field 1, Spatial, Signal, Spectral, I/O, Ctl)",Mandatory,See Cotrol-Context Payload Formats,,30,.polarization,B,1,1,"Polarization: Upper bits 31:16 indicate polarization ellipse tilt angle, lower bits 15:0 indicate ellipse eccentricity. Both are measured in radians. Tilt angle is the angle of the polarization-ellipse major axis  measured counter-clockwise from the array/antenna plane positive x-axis [2,4], with the x-axis defined in system documentation. Ellipticity describes the eccentricity of the polarization ellipse, including direction of rotation where appropriate. Linear polarization is described by ellipticity = π/4. For tilt = 0 linear polarization is horizontal, and for tilt = π/2 linear polarization is vertical, thus horzontal polarization is parallel to the antenna x-axis, and vertical polarization parallel to the antenna y-axis, both as defined in system documentation.  Ellipticity = 0 indicates right-handed circular polarization, and ellipticity = π/2 indicates left-handed circular polarization, where left- or right-handed rotation shall be defined  from the point of view of an observer at the receiver looking toward the transmitter [2,4].  Note that the direction in which tilt angle is measured, and the definitions of left- and right-handed rotation are inconsistent with IEEE standards [3].",1,
".cif1 (Control Indicator Field 1, Spatial, Signal, Spectral, I/O, Ctl)",Mandatory,See Cotrol-Context Payload Formats,,29,.pointing3d,B,1,1,"3-D pointing vector. Indicates pointing beam direction relative to the assigned aperture boresight. 3D pointing has two subfields: Bits 31:16 are elevation, bits 15:0 are azimuth, both in the antenna frame of reference. Define antenna boresight as the z-axis, the x axis is orthogonal to z and ""horizontal"" in the frame of reference defined by the antenna. The y axis points ""up"" in the antenna frame and is 90° clockwise from the x axis when looking out along boresight. Elevation is measured up (positive y direction) from the x-z plain to the pointing vector. Azimuth is measured in the x-z plain, between the projection of the pointing vector onto the x-z plain and boresight.  Positive azimuth angles are measured clockwise from boresight when looking down (from positive y toward the x-z plain).",1,
".cif1 (Control Indicator Field 1, Spatial, Signal, Spectral, I/O, Ctl)",Mandatory,See Cotrol-Context Payload Formats,,28,.pointing3dStruct,E,0,0,3-D pointing vector structure,-1,
".cif1 (Control Indicator Field 1, Spatial, Signal, Spectral, I/O, Ctl)",Mandatory,See Cotrol-Context Payload Formats,,27,.spatialScanType,N,0,0,Spatial scan type,,
".cif1 (Control Indicator Field 1, Spatial, Signal, Spectral, I/O, Ctl)",Mandatory,See Cotrol-Context Payload Formats,,26,.spatialRefType,E,0,0,Spatial reference type,1,"Bits 3:2 can be used to define beam pointing frame of reference: 00 => NED, Az/El in NED frame, 01 =>  Not Allowed, 10 => Platform Centered (body frame), 11 => array centered, azimuth and elevation. This field affects the definition of polarization, pointing3D, and beamwidth."
".cif1 (Control Indicator Field 1, Spatial, Signal, Spectral, I/O, Ctl)",Mandatory,See Cotrol-Context Payload Formats,,25,.beamWidth,B,1,1,Beamwidth: Indicate the desired beamwidth. Schedule Request Interpretation specified in Service Contract or AIF. Possible interpretations are: 1) exact value within limits of accuracy 2) maximum value 3) minimum value. Default exact value  (TBR). Context shall be exact value.,1,
".cif1 (Control Indicator Field 1, Spatial, Signal, Spectral, I/O, Ctl)",Mandatory,See Cotrol-Context Payload Formats,,24,.range,N,0,0,Range (distance),,
".cif1 (Control Indicator Field 1, Spatial, Signal, Spectral, I/O, Ctl)",Mandatory,See Cotrol-Context Payload Formats,,23:21,.reservedBits23to21,N,0,0,Reserved,,
".cif1 (Control Indicator Field 1, Spatial, Signal, Spectral, I/O, Ctl)",Mandatory,See Cotrol-Context Payload Formats,,20,.ber,N,0,0,Eb/No BER,,
".cif1 (Control Indicator Field 1, Spatial, Signal, Spectral, I/O, Ctl)",Mandatory,See Cotrol-Context Payload Formats,,19,.threshold,N,0,0,Threshold,,
".cif1 (Control Indicator Field 1, Spatial, Signal, Spectral, I/O, Ctl)",Mandatory,See Cotrol-Context Payload Formats,,18,.compressionPoint,N,0,0,Compression point,,
".cif1 (Control Indicator Field 1, Spatial, Signal, Spectral, I/O, Ctl)",Mandatory,See Cotrol-Context Payload Formats,,17,.ip2and3,N,0,0,2nd and 3rd order intercept points,,
".cif1 (Control Indicator Field 1, Spatial, Signal, Spectral, I/O, Ctl)",Mandatory,See Cotrol-Context Payload Formats,,16,.snr,N,0,0,SNR/Noise figure,,
".cif1 (Control Indicator Field 1, Spatial, Signal, Spectral, I/O, Ctl)",Mandatory,See Cotrol-Context Payload Formats,,15,.auxFreq,N,0,0,Auxiliary frequency,2,
".cif1 (Control Indicator Field 1, Spatial, Signal, Spectral, I/O, Ctl)",Mandatory,See Cotrol-Context Payload Formats,,14,.auxGain,N,0,0,Auxiliary gain,1,
".cif1 (Control Indicator Field 1, Spatial, Signal, Spectral, I/O, Ctl)",Mandatory,See Cotrol-Context Payload Formats,,13,.auxBandwidth,N,0,0,Auxiliary bandwidth,2,
".cif1 (Control Indicator Field 1, Spatial, Signal, Spectral, I/O, Ctl)",Mandatory,See Cotrol-Context Payload Formats,,12,.reservedBit12,N,0,0,Reserved,,
".cif1 (Control Indicator Field 1, Spatial, Signal, Spectral, I/O, Ctl)",Mandatory,See Cotrol-Context Payload Formats,,11,.cifArray,N,0,0,Array of CIFs,,
".cif1 (Control Indicator Field 1, Spatial, Signal, Spectral, I/O, Ctl)",Mandatory,See Cotrol-Context Payload Formats,,10,.spectrum,E,0,0,Spectrum,13,
".cif1 (Control Indicator Field 1, Spatial, Signal, Spectral, I/O, Ctl)",Mandatory,See Cotrol-Context Payload Formats,,9,.scanStep,E,0,0,"Sector/step-scan array of records. The array header consists of 3 mandatory words: total array size, header/record counts, and a bitmapped record subfield indicator. Records use the selected Sector/Step-Scan subfields.",-1,"Array-of-records structure. Header word 2 contains HeaderSize in bits 31:24, NumWords/Record in bits 23:12, and NumRecords in bits 11:0. Header word 3 uses bit 31 for sector number, bit 30 for F1 start frequency, bit 29 for F2 stop frequency, bit 28 for resolution bandwidth, bit 27 for tune step size, bit 26 for number of points, bit 25 for default gain, bit 24 for threshold, bit 23 for dwell time, bit 22 for start time, bit 21 for time 3, and bit 20 for time 4. Bits 19:0 are reserved."
".cif1 (Control Indicator Field 1, Spatial, Signal, Spectral, I/O, Ctl)",Mandatory,See Cotrol-Context Payload Formats,,8,.reservedBit8,N,0,0,Reserved,,
".cif1 (Control Indicator Field 1, Spatial, Signal, Spectral, I/O, Ctl)",Mandatory,See Cotrol-Context Payload Formats,,7,.indexList,N,0,0,Index list,,
".cif1 (Control Indicator Field 1, Spatial, Signal, Spectral, I/O, Ctl)",Mandatory,See Cotrol-Context Payload Formats,,6,.discreteIo32,N,0,0,Discrete I/O (32 bit),,
".cif1 (Control Indicator Field 1, Spatial, Signal, Spectral, I/O, Ctl)",Mandatory,See Cotrol-Context Payload Formats,,5,.discreteIo64,N,0,0,Discrete I/O (64 bit),,
".cif1 (Control Indicator Field 1, Spatial, Signal, Spectral, I/O, Ctl)",Mandatory,See Cotrol-Context Payload Formats,,4,.healthStatus,N,0,0,Health status,,
".cif1 (Control Indicator Field 1, Spatial, Signal, Spectral, I/O, Ctl)",Mandatory,See Cotrol-Context Payload Formats,,3,.v49compliance,N,0,0,"VITA 49 specification compliance - identifies version of VITA 49 spec implemented, 1 => V49.0, 2 => V49.1, 3=> V49A, 4 => V49.2",,
".cif1 (Control Indicator Field 1, Spatial, Signal, Spectral, I/O, Ctl)",Mandatory,See Cotrol-Context Payload Formats,,2,.version,N,0,0,"VITA 49 Version and build code - year, day, sub-version, user defined info.",,
".cif1 (Control Indicator Field 1, Spatial, Signal, Spectral, I/O, Ctl)",Mandatory,See Cotrol-Context Payload Formats,,1,.bufferSize,N,0,0,Buffer size,,
".cif1 (Control Indicator Field 1, Spatial, Signal, Spectral, I/O, Ctl)",Mandatory,See Cotrol-Context Payload Formats,,0,.reservedBit0,N,0,0,Reserved,,
".cif2 (Control Indicator Field 2, Identifiers (tags))",Mandatory,See Cotrol-Context Payload Formats,10,31,.bind,N,0,0,Bind,,
".cif2 (Control Indicator Field 2, Identifiers (tags))",Mandatory,See Cotrol-Context Payload Formats,,30,.citedSid,E,0,0,"Cited Stream Id - When this control packet is controlling one data stream (either because the activity only has one data stream per direction, or this control packet only refers to one stream in a set of mulitple streams) then the Cited Stream  ID is the SID for that data stream. When  the packet controls mulitple [parallel] data streams the contents of .citedSID may be a 32-bit index pointing at one entry in a list of SIDs for data-stream-sets.  When the .dataAddressStructure field (4/23) has a different list of SID's, .dataAddressStructure shall take precedence.",1,
".cif2 (Control Indicator Field 2, Identifiers (tags))",Mandatory,See Cotrol-Context Payload Formats,,29,.sibSid,N,0,0,Sibling Stream Id,,
".cif2 (Control Indicator Field 2, Identifiers (tags))",Mandatory,See Cotrol-Context Payload Formats,,28,.parentSid,N,0,0,Parent Stream Id,,
".cif2 (Control Indicator Field 2, Identifiers (tags))",Mandatory,See Cotrol-Context Payload Formats,,27,.childSid,N,0,0,Children Stream Id,,
".cif2 (Control Indicator Field 2, Identifiers (tags))",Mandatory,See Cotrol-Context Payload Formats,,26,.citedMsgId,E,0,0,Cited message ID: Include the message ID associated with the control message that requested the sample stream described by this Context Packet,1,
".cif2 (Control Indicator Field 2, Identifiers (tags))",Mandatory,See Cotrol-Context Payload Formats,,25,.controlleeId,N,0,0,Controllee ID,,
".cif2 (Control Indicator Field 2, Identifiers (tags))",Mandatory,See Cotrol-Context Payload Formats,,24,.controlleeUuid,N,0,0,Controlee UUID,,
".cif2 (Control Indicator Field 2, Identifiers (tags))",Mandatory,See Cotrol-Context Payload Formats,,23,.controllerId,N,0,0,Controller ID,,
".cif2 (Control Indicator Field 2, Identifiers (tags))",Mandatory,See Cotrol-Context Payload Formats,,22,.controllerUuid,N,0,0,Controller UUID,,
".cif2 (Control Indicator Field 2, Identifiers (tags))",Mandatory,See Cotrol-Context Payload Formats,,21,.infoSource,E,0,0,"Information source is a pointer to the Configuration Object or Antenna Information File (AIF) that describes the VA (Virtual Antenna) being controlled by this packet. In order to ensure the Configuration Object index is unique, the most significant 16 bits  (bits 31:16) of this field indicate the MEL, and the least significant 16 bits (bits 15:0) indicate the Config Obj. or AIF index for that MEL.",1,
".cif2 (Control Indicator Field 2, Identifiers (tags))",Mandatory,See Cotrol-Context Payload Formats,,20,.trackId,N,0,0,Track ID,,
".cif2 (Control Indicator Field 2, Identifiers (tags))",Mandatory,See Cotrol-Context Payload Formats,,19,.countryCode,N,0,0,Country code,,
".cif2 (Control Indicator Field 2, Identifiers (tags))",Mandatory,See Cotrol-Context Payload Formats,,18,.operator,N,0,0,Operator,,
".cif2 (Control Indicator Field 2, Identifiers (tags))",Mandatory,See Cotrol-Context Payload Formats,,17,.platformClass,N,0,0,Platform class,,
".cif2 (Control Indicator Field 2, Identifiers (tags))",Mandatory,See Cotrol-Context Payload Formats,,16,.platformInst,N,0,0,Platform instance,,
".cif2 (Control Indicator Field 2, Identifiers (tags))",Mandatory,See Cotrol-Context Payload Formats,,15,.platformDisp,N,0,0,Platform display,,
".cif2 (Control Indicator Field 2, Identifiers (tags))",Mandatory,See Cotrol-Context Payload Formats,,14,.emsDeviceClass,N,0,0,EMS device class,,
".cif2 (Control Indicator Field 2, Identifiers (tags))",Mandatory,See Cotrol-Context Payload Formats,,13,.emsDeviceType,N,0,0,EMS device type,,
".cif2 (Control Indicator Field 2, Identifiers (tags))",Mandatory,See Cotrol-Context Payload Formats,,12,.emsDeviceInst,N,0,0,EMS device instance,,
".cif2 (Control Indicator Field 2, Identifiers (tags))",Mandatory,See Cotrol-Context Payload Formats,,11,.modClass,N,0,0,Modulation class,,
".cif2 (Control Indicator Field 2, Identifiers (tags))",Mandatory,See Cotrol-Context Payload Formats,,10,.modType,N,0,0,Modulation type,,
".cif2 (Control Indicator Field 2, Identifiers (tags))",Mandatory,See Cotrol-Context Payload Formats,,9,.functionId,N,0,0,Function ID,,
".cif2 (Control Indicator Field 2, Identifiers (tags))",Mandatory,See Cotrol-Context Payload Formats,,8,.modeId,E,0,0,"Mode ID: User defined, used by communication capability  to control local functions in MFA, e.g., EMCON",1,
".cif2 (Control Indicator Field 2, Identifiers (tags))",Mandatory,See Cotrol-Context Payload Formats,,7,.eventId,N,0,0,Event ID:  This field is used by the Multi-Function Capability  as in the VITA 49.2 specification and is a generic16 bit field.,1,
".cif2 (Control Indicator Field 2, Identifiers (tags))",Mandatory,See Cotrol-Context Payload Formats,,6,.funcPriorityId,B,1,1,"Function priority ID for resolving conflicting requests to use MFA resources. Unsigned 32-bit integer, larger values indicate  higher priority.",1,
".cif2 (Control Indicator Field 2, Identifiers (tags))",Mandatory,See Cotrol-Context Payload Formats,,5,.commPriorityId,N,0,0,Communication priority ID for determining access to internal data network when network becomes overloaded. Unsigned 32-bit integer. Bigger is higher priority.,,
".cif2 (Control Indicator Field 2, Identifiers (tags))",Mandatory,See Cotrol-Context Payload Formats,,4,.rfFootprint,N,0,0,RF footprint,,
".cif2 (Control Indicator Field 2, Identifiers (tags))",Mandatory,See Cotrol-Context Payload Formats,,3,.rfFootprintRange,N,0,0,RF footprint range,,
".cif2 (Control Indicator Field 2, Identifiers (tags))",Mandatory,See Cotrol-Context Payload Formats,,2:0,.reservedBits2to0,N,0,0,Reserved,,
".cif3 (Control Indicator Field 3, Temporal, Environmental)",Mandatory,See Cotrol-Context Payload Formats,11,31,.tsDetails,N,0,0,Time stamp details,,
".cif3 (Control Indicator Field 3, Temporal, Environmental)",Mandatory,See Cotrol-Context Payload Formats,,30,.tsSkew,N,0,0,Time stamp skew,,
".cif3 (Control Indicator Field 3, Temporal, Environmental)",Mandatory,See Cotrol-Context Payload Formats,,29:28,.reservedBits29to28,N,0,0,Reserved,,
".cif3 (Control Indicator Field 3, Temporal, Environmental)",Mandatory,See Cotrol-Context Payload Formats,,27,.riseTime,N,0,0,Rise time,,
".cif3 (Control Indicator Field 3, Temporal, Environmental)",Mandatory,See Cotrol-Context Payload Formats,,26,.fallTime,N,0,0,Fall time,,
".cif3 (Control Indicator Field 3, Temporal, Environmental)",Mandatory,See Cotrol-Context Payload Formats,,25,.offsetTime,N,0,0,Offset time,,
".cif3 (Control Indicator Field 3, Temporal, Environmental)",Mandatory,See Cotrol-Context Payload Formats,,24,.pulseWidth,N,0,0,Pulse width,,
".cif3 (Control Indicator Field 3, Temporal, Environmental)",Mandatory,See Cotrol-Context Payload Formats,,23,.period,N,0,0,Period,,
".cif3 (Control Indicator Field 3, Temporal, Environmental)",Mandatory,See Cotrol-Context Payload Formats,,22,.duration,N,0,0,Duration,,
".cif3 (Control Indicator Field 3, Temporal, Environmental)",Mandatory,See Cotrol-Context Payload Formats,,21,.dwell,B,1,1,"Dwell duration in femtoseconds, where Dwell is the duration of a requested transmitter or receiver event, i.e. the transmitter or receiver has exclusive use of an assigned aperture. If Schedule Request type schReqType=1, a dwell shall begin at the Schedule Request TimeStamp and last for Dwell femtoseconds. For receive events all data samples received during a dwell will be sent to the requesting skill. For transmit events the aperture may transmit one or more data bursts during a dwell, with burst durations defined by the data packet time stamp and size, provided all bursts are entirely contained within the dwell. The dwell value ranges from 0 to ~9223 s ( ~154 minutes).",2,
".cif3 (Control Indicator Field 3, Temporal, Environmental)",Mandatory,See Cotrol-Context Payload Formats,,20,.jitter,E,0,0,Jitter,2,
".cif3 (Control Indicator Field 3, Temporal, Environmental)",Mandatory,See Cotrol-Context Payload Formats,,19:18,.reservedBits19to18,N,0,0,Reserved,,
".cif3 (Control Indicator Field 3, Temporal, Environmental)",Mandatory,See Cotrol-Context Payload Formats,,17,.age,N,0,0,Age,,
".cif3 (Control Indicator Field 3, Temporal, Environmental)",Mandatory,See Cotrol-Context Payload Formats,,16,.shelfLife,N,0,0,Shelf life,,
".cif3 (Control Indicator Field 3, Temporal, Environmental)",Mandatory,See Cotrol-Context Payload Formats,,15:8,.reservedBits15to8,N,0,0,Reserved,,
".cif3 (Control Indicator Field 3, Temporal, Environmental)",Mandatory,See Cotrol-Context Payload Formats,,7,.airTemp,N,0,0,Air temperature,,
".cif3 (Control Indicator Field 3, Temporal, Environmental)",Mandatory,See Cotrol-Context Payload Formats,,6,.seaGroundTemp,N,0,0,Sea/ground temperature,,
".cif3 (Control Indicator Field 3, Temporal, Environmental)",Mandatory,See Cotrol-Context Payload Formats,,5,.humidity,N,0,0,Humidity,,
".cif3 (Control Indicator Field 3, Temporal, Environmental)",Mandatory,See Cotrol-Context Payload Formats,,4,.barPressure,N,0,0,Barometric pressure,,
".cif3 (Control Indicator Field 3, Temporal, Environmental)",Mandatory,See Cotrol-Context Payload Formats,,3,.seaState,N,0,0,Sea and swell state,,
".cif3 (Control Indicator Field 3, Temporal, Environmental)",Mandatory,See Cotrol-Context Payload Formats,,2,.tropState,N,0,0,Tropospheric state,,
".cif3 (Control Indicator Field 3, Temporal, Environmental)",Mandatory,See Cotrol-Context Payload Formats,,1,.netId,N,0,0,Network ID,,
".cif3 (Control Indicator Field 3, Temporal, Environmental)",Mandatory,See Cotrol-Context Payload Formats,,0,.reservedBit0,N,0,0,reserved,,
.cif4 (Control Indicator Field 4 - Extension Fields),Mandatory,See Cotrol-Context Payload Formats,12,31,.shortTermKey,N,0,0,This is the TRANSEC short term key for the burst,8,
.cif4 (Control Indicator Field 4 - Extension Fields),Mandatory,See Cotrol-Context Payload Formats,,30,.reservedBit30,N,0,0,Reserved for future cif extensions,,
.cif4 (Control Indicator Field 4 - Extension Fields),Mandatory,See Cotrol-Context Payload Formats,,29,.rfFigureOfMerit,B,1,1,"Bits 31:15 unused, set to 0. Bits 15:0 contain Input G/T (dB/K) to be used for Rx, or Target EIRP (dBm) to be used for Tx.  See Schedule Request for description of rfFigureOfMerit there.",1,
.cif4 (Control Indicator Field 4 - Extension Fields),Mandatory,See Cotrol-Context Payload Formats,,28,.earlyStartTime,E,0,0:1,"Earliest allowed start time for flexible schedule request, offset from time stamp",2,
.cif4 (Control Indicator Field 4 - Extension Fields),Mandatory,See Cotrol-Context Payload Formats,,27,.lateStartTime,E,0,0:1,"Latest allowed start time for flexible schedule request, offset from time stamp",2,
.cif4 (Control Indicator Field 4 - Extension Fields),Mandatory,See Cotrol-Context Payload Formats,,26,.rejectReason,E,0,0:1,32 bit enumeration of reasons that this control was rejected by the scheduler. See Reject Reason Enumeration tab.,1,
.cif4 (Control Indicator Field 4 - Extension Fields),Mandatory,See Cotrol-Context Payload Formats,,25,.maxDataPacketDwell,E,0,0:1,fractional time format giving maximum Rx time interval between data packets. Can be used to reduce data delay during long Rx dwells,2,
.cif4 (Control Indicator Field 4 - Extension Fields),Mandatory,See Cotrol-Context Payload Formats,,24,.addressGroupIndex,B,1,1,"Provides a look-up index that points to a collection of MFP address for data and Ack packets associated with this Schedule Request. That is one or more data packet stream(s) with SID matching the Control SID, or  SID's identified by the SID or index in the field (2/30) .citedSID. Plus AckR and AckX packet streams with SID matching the Control SID.  The corresponding MFA addresses are in the same field (CIF 4, Bit 24) of the corresponding AckR packet.",1,"AGI points to a table with variable number of entries. Minimum entry is a default address. Every packet sent to the MFA for which an address has not been specified will be sent to the default address. Other possible values are Data Address Index (DAI), and Control Address Index (CAI)."
.cif4 (Control Indicator Field 4 - Extension Fields),Mandatory,See Cotrol-Context Payload Formats,,23,.dataAddressStructure,E,0,0,"An array of records listing all the data streams associated with this control packet stream by data stream SID and MFP address. When present it may replace the information in (2/30) .citedSID and always replaces the information in (4/24) dataAddressIndex. The corresponding MFA addresses are contained in the same field location (4/23) of the AckR packet returned in response to this packet. This array provides greater flexibility than using .citedSId and .dataAddressIndex at the cost of variable-length control packets. The array header consists of the 3 mandatory header words (see reference or Change Notes) plus a variable number of records consisting of 1 or 2 words (SID, MFP Address Index) or  (MFP Address Index) as indicated in header word 3.",-1,
.cif4 (Control Indicator Field 4 - Extension Fields),Mandatory,See Cotrol-Context Payload Formats,,22,.dataAddressTime,E,0,0,"If the data address(es) of 4/24 or 4/23 are not immediately applicable (e.g., If the MFA must switch antenna faces during a stream of VITA data packets transporting one long Rx/Tx packet, the MFA scheduler may send a new AckR packet with the new MFA port addresses with some lead time before the change), The .dataAddressTime parameter indicates when the data address information in 4/24 or 4/23 becomes applicable. Offset from time stamp.",2,
.cif4 (Control Indicator Field 4 - Extension Fields),Mandatory,See Cotrol-Context Payload Formats,,21,.txDigitalInputPower,E,0,0:1,"Nominal power level of digital TX signal input to MFA for transmission, dBfs, where ""full scale power"" shall be defined as the power of a complex digital sinusoid with amplitude equal to full scale.",1,
.cif4 (Control Indicator Field 4 - Extension Fields),Mandatory,See Cotrol-Context Payload Formats,,20:0,.reservedBits20to0,N,0,0,Reserved for future cif extensions,,
".cif7 (Control Indicator Field 7,  Attributes)",Forbidden,See Cotrol-Context Payload Formats,N/A,31,.curVal,N,0,,Current value,,
".cif7 (Control Indicator Field 7,  Attributes)",Forbidden,See Cotrol-Context Payload Formats,,30,.avgVal,N,0,,Average value,,
".cif7 (Control Indicator Field 7,  Attributes)",Forbidden,See Cotrol-Context Payload Formats,,29,.medVal,N,0,,Median value,,
".cif7 (Control Indicator Field 7,  Attributes)",Forbidden,See Cotrol-Context Payload Formats,,28,.std,N,0,,Standard deviation,,
".cif7 (Control Indicator Field 7,  Attributes)",Forbidden,See Cotrol-Context Payload Formats,,27,.maxVal,N,0,,Maximum value,,
".cif7 (Control Indicator Field 7,  Attributes)",Forbidden,See Cotrol-Context Payload Formats,,26,.minVal,N,0,,Minimum value,,
".cif7 (Control Indicator Field 7,  Attributes)",Forbidden,See Cotrol-Context Payload Formats,,25,.precision,N,0,,Precision,,
".cif7 (Control Indicator Field 7,  Attributes)",Forbidden,See Cotrol-Context Payload Formats,,24,.accuracy,N,0,,Accuracy,,
".cif7 (Control Indicator Field 7,  Attributes)",Forbidden,See Cotrol-Context Payload Formats,,23,.velocity,N,0,,1st Derivative (velocity),,
".cif7 (Control Indicator Field 7,  Attributes)",Forbidden,See Cotrol-Context Payload Formats,,22,.acceleration,N,0,,2nd Derivative (acceleration),,
".cif7 (Control Indicator Field 7,  Attributes)",Forbidden,See Cotrol-Context Payload Formats,,21,.jerk,N,0,,3rd Derivative (jerk),,
".cif7 (Control Indicator Field 7,  Attributes)",Forbidden,See Cotrol-Context Payload Formats,,20,.probability,N,0,,Probability,,
".cif7 (Control Indicator Field 7,  Attributes)",Forbidden,See Cotrol-Context Payload Formats,,19,.belief,N,0,,Belief,,
".cif7 (Control Indicator Field 7,  Attributes)",Forbidden,See Cotrol-Context Payload Formats,,18:0,.reservedBits18to0,N,0,0,Reserved,,
